pc_timestamp,stm32_ms,adc_raw,adc_voltage_v,sensor_voltage_v,pressure_bar,duty_percent,frequency_hz,estimated_output_rms_v,jsy_online,jsy_voltage_rms_v,jsy_current_rms_a,jsy_active_power_w,jsy_power_factor,jsy_energy_kwh,jsy_error_count,valve_open_count,valve_state_label,valve_phase
2026-05-24T23:16:26.779,428071,535,0.431,0.642,0.427,45.0,5000,99.0,1,0.0,0.0,0,0.0,0.0,0,-,Belum ditandai,unset
2026-05-24T23:16:27.307,428642,534,0.43,0.641,0.423,45.0,5000,99.0,1,0.0,0.0,0,0.0,0.0,0,-,Belum ditandai,unset
2026-05-24T23:16:27.862,429162,533,0.43,0.64,0.419,45.0,5000,99.0,1,0.0,0.0,0,0.0,0.0,0,-,Belum ditandai,unset
2026-05-24T23:16:28.377,429685,532,0.429,0.639,0.416,45.0,5000,99.0,1,0.0,0.0,0,0.0,0.0,0,-,Belum ditandai,unset
2026-05-24T23:16:28.882,430205,533,0.43,0.64,0.419,45.0,5000,99.0,1,0.0,0.0,0,0.0,0.0,0,-,Belum ditandai,unset
2026-05-24T23:16:29.427,430760,530,0.427,0.636,0.409,45.0,5000,99.0,1,0.0,0.0,0,0.0,0.0,0,5,5 keran stabil,stable
2026-05-24T23:16:29.988,431280,530,0.427,0.636,0.409,45.0,5000,99.0,1,0.0,0.0,0,0.0,0.0,0,5,5 keran stabil,stable
2026-05-24T23:16:30.595,431902,531,0.428,0.637,0.412,45.0,5000,99.0,1,0.0,0.0,0,0.0,0.0,0,5,5 keran stabil,stable
2026-05-24T23:16:31.157,432457,512,0.413,0.615,0.344,45.0,5000,99.0,1,0.0,0.0,0,0.0,0.0,0,5,5 keran stabil,stable
2026-05-24T23:16:31.656,432978,532,0.429,0.639,0.416,45.0,5000,99.0,1,0.0,0.0,0,0.0,0.0,0,5,5 keran stabil,stable
2026-05-24T23:16:32.154,433495,532,0.429,0.639,0.416,45.0,5000,99.0,1,0.0,0.0,0,0.0,0.0,0,5,5 keran stabil,stable
2026-05-24T23:16:32.712,434015,545,0.439,0.654,0.463,45.0,5000,99.0,1,0.0,0.0,0,0.0,0.0,0,5,5 keran stabil,stable
2026-05-24T23:16:33.273,434581,532,0.429,0.639,0.416,45.0,5000,99.0,1,0.0,0.0,0,0.0,0.0,0,5,5 keran stabil,stable
2026-05-24T23:16:33.892,435205,536,0.432,0.643,0.43,45.0,5000,99.0,1,0.0,0.0,0,0.0,0.0,0,5,5 keran stabil,stable
2026-05-24T23:16:34.475,435826,532,0.429,0.639,0.416,45.0,5000,99.0,1,0.0,0.0,0,0.0,0.0,0,5,5 keran stabil,stable
2026-05-24T23:16:35.004,436346,534,0.43,0.641,0.423,45.0,5000,99.0,1,0.0,0.0,0,0.0,0.0,0,5,5 keran stabil,stable
2026-05-24T23:16:35.566,436912,523,0.421,0.628,0.383,45.0,5000,99.0,1,0.0,0.0,0,0.0,0.0,0,5,5 keran stabil,stable
2026-05-24T23:16:36.065,437432,532,0.429,0.639,0.416,45.0,5000,99.0,1,0.0,0.0,0,0.0,0.0,0,5,5 keran stabil,stable
2026-05-24T23:16:36.625,437950,534,0.43,0.641,0.423,45.0,5000,99.0,1,0.0,0.0,0,0.0,0.0,0,5,5 keran stabil,stable
2026-05-24T23:16:37.170,438505,530,0.427,0.636,0.409,45.0,5000,99.0,1,0.0,0.0,0,0.0,0.0,0,4,4 keran stabil,stable
2026-05-24T23:16:37.669,439025,530,0.427,0.636,0.409,45.0,5000,99.0,1,0.0,0.0,0,0.0,0.0,0,4,4 keran stabil,stable
2026-05-24T23:16:38.204,439543,530,0.427,0.636,0.409,45.0,5000,99.0,1,0.0,0.0,0,0.0,0.0,0,4,4 keran stabil,stable
2026-05-24T23:16:38.822,440167,512,0.413,0.615,0.344,45.0,5000,99.0,1,0.0,0.0,0,0.0,0.0,0,4,4 keran stabil,stable
2026-05-24T23:16:39.381,440723,532,0.429,0.639,0.416,45.0,5000,99.0,1,0.0,0.0,0,0.0,0.0,0,4,4 keran stabil,stable
2026-05-24T23:16:39.880,441243,533,0.43,0.64,0.419,45.0,5000,99.0,1,0.0,0.0,0,0.0,0.0,0,4,4 keran stabil,stable
2026-05-24T23:16:40.380,441760,532,0.429,0.639,0.416,45.0,5000,99.0,1,0.0,0.0,0,0.0,0.0,0,4,4 keran stabil,stable
2026-05-24T23:16:40.895,442280,532,0.429,0.639,0.416,45.0,5000,99.0,1,0.0,0.0,0,0.0,0.0,0,4,4 keran stabil,stable
2026-05-24T23:16:41.399,442742,531,0.428,0.637,0.412,45.0,5000,99.0,1,0.0,0.0,0,0.0,0.0,0,4,4 keran stabil,stable
2026-05-24T23:16:41.893,443262,530,0.427,0.636,0.409,45.0,5000,99.0,1,0.0,0.0,0,0.0,0.0,0,4,4 keran stabil,stable
2026-05-24T23:16:42.413,443779,531,0.428,0.637,0.412,45.0,5000,99.0,1,0.0,0.0,0,0.0,0.0,0,4,4 keran stabil,stable
2026-05-24T23:16:42.948,444299,533,0.43,0.64,0.419,45.0,5000,99.0,1,0.0,0.0,0,0.0,0.0,0,4,4 keran stabil,stable
2026-05-24T23:16:43.479,444865,604,0.487,0.725,0.675,45.0,5000,99.0,1,0.0,0.0,0,0.0,0.0,0,3,3 keran stabil,stable
2026-05-24T23:16:44.039,445385,528,0.425,0.634,0.401,45.0,5000,99.0,1,0.0,0.0,0,0.0,0.0,0,3,3 keran stabil,stable
2026-05-24T23:16:44.643,446006,531,0.428,0.637,0.412,45.0,5000,99.0,1,0.0,0.0,0,0.0,0.0,0,3,3 keran stabil,stable
2026-05-24T23:16:45.201,446572,530,0.427,0.636,0.409,45.0,5000,99.0,1,0.0,0.0,0,0.0,0.0,0,3,3 keran stabil,stable
2026-05-24T23:16:45.702,447092,460,0.371,0.552,0.156,45.0,5000,99.0,1,0.0,0.0,0,0.0,0.0,0,3,3 keran stabil,stable
2026-05-24T23:16:46.326,447714,553,0.446,0.664,0.491,45.0,5000,99.0,1,0.0,0.0,0,0.0,0.0,0,3,3 keran stabil,stable
2026-05-24T23:16:46.825,448234,529,0.426,0.635,0.405,45.0,5000,99.0,1,0.0,0.0,0,0.0,0.0,0,3,3 keran stabil,stable
2026-05-24T23:16:47.432,448790,299,0.241,0.359,0.0,45.0,5000,99.0,1,0.0,0.0,0,0.0,0.0,0,3,3 keran stabil,stable
2026-05-24T23:16:48.039,449414,531,0.428,0.637,0.412,45.0,5000,99.0,1,0.0,0.0,0,0.0,0.0,0,3,3 keran stabil,stable
2026-05-24T23:16:48.567,449931,532,0.429,0.639,0.416,45.0,5000,99.0,1,0.0,0.0,0,0.0,0.0,0,3,3 keran stabil,stable
2026-05-24T23:16:49.189,450601,534,0.43,0.641,0.423,45.0,5000,99.0,1,0.0,0.0,0,0.0,0.0,0,3,3 keran stabil,stable
2026-05-24T23:16:49.720,451121,534,0.43,0.641,0.423,45.0,5000,99.0,1,0.0,0.0,0,0.0,0.0,0,2,2 keran stabil,stable
2026-05-24T23:16:50.247,451638,532,0.429,0.639,0.416,45.0,5000,99.0,1,0.0,0.0,0,0.0,0.0,0,2,2 keran stabil,stable
2026-05-24T23:16:50.748,452158,531,0.428,0.637,0.412,45.0,5000,99.0,1,0.0,0.0,0,0.0,0.0,0,2,2 keran stabil,stable
2026-05-24T23:16:51.353,452724,528,0.425,0.634,0.401,45.0,5000,99.0,1,0.0,0.0,0,0.0,0.0,0,2,2 keran stabil,stable
2026-05-24T23:16:51.962,453348,535,0.431,0.642,0.427,45.0,5000,99.0,1,0.0,0.0,0,0.0,0.0,0,2,2 keran stabil,stable
2026-05-24T23:16:52.460,453866,532,0.429,0.639,0.416,45.0,5000,99.0,1,0.0,0.0,0,0.0,0.0,0,2,2 keran stabil,stable
2026-05-24T23:16:52.958,454386,531,0.428,0.637,0.412,45.0,5000,99.0,1,0.0,0.0,0,0.0,0.0,0,2,2 keran stabil,stable
2026-05-24T23:16:53.503,454941,528,0.425,0.634,0.401,45.0,5000,99.0,1,0.0,0.0,0,0.0,0.0,0,2,2 keran stabil,stable
2026-05-24T23:16:54.061,455461,532,0.429,0.639,0.416,45.0,5000,99.0,1,0.0,0.0,0,0.0,0.0,0,2,2 keran stabil,stable
2026-05-24T23:16:54.563,455979,533,0.43,0.64,0.419,45.0,5000,99.0,1,0.0,0.0,0,0.0,0.0,0,2,2 keran stabil,stable
2026-05-24T23:16:55.062,456499,533,0.43,0.64,0.419,45.0,5000,99.0,1,0.0,0.0,0,0.0,0.0,0,2,2 keran stabil,stable
2026-05-24T23:16:55.563,456951,531,0.428,0.637,0.412,45.0,5000,99.0,1,0.0,0.0,0,0.0,0.0,0,1,1 keran stabil,stable
2026-05-24T23:16:56.152,457575,532,0.429,0.639,0.416,45.0,5000,99.0,1,0.0,0.0,0,0.0,0.0,0,1,1 keran stabil,stable
2026-05-24T23:16:56.650,458092,525,0.423,0.63,0.391,45.0,5000,99.0,1,0.0,0.0,0,0.0,0.0,0,1,1 keran stabil,stable
2026-05-24T23:16:57.241,458658,533,0.43,0.64,0.419,45.0,5000,99.0,1,0.0,0.0,0,0.0,0.0,0,1,1 keran stabil,stable
2026-05-24T23:16:57.736,459178,533,0.43,0.64,0.419,45.0,5000,99.0,1,0.0,0.0,0,0.0,0.0,0,1,1 keran stabil,stable
2026-05-24T23:16:58.296,459696,535,0.431,0.642,0.427,45.0,5000,99.0,1,0.0,0.0,0,0.0,0.0,0,1,1 keran stabil,stable
2026-05-24T23:16:58.795,460216,533,0.43,0.64,0.419,45.0,5000,99.0,1,0.0,0.0,0,0.0,0.0,0,1,1 keran stabil,stable
2026-05-24T23:16:59.357,460771,530,0.427,0.636,0.409,45.0,5000,99.0,1,0.0,0.0,0,0.0,0.0,0,1,1 keran stabil,stable
2026-05-24T23:16:59.965,461395,505,0.407,0.606,0.318,45.0,5000,99.0,1,0.0,0.0,0,0.0,0.0,0,1,1 keran stabil,stable
2026-05-24T23:17:00.586,462017,532,0.429,0.639,0.416,45.0,5000,99.0,1,0.0,0.0,0,0.0,0.0,0,1,1 keran stabil,stable
2026-05-24T23:17:01.085,462537,537,0.433,0.645,0.434,45.0,5000,99.0,1,0.0,0.0,0,0.0,0.0,0,1,1 keran stabil,stable
2026-05-24T23:17:01.583,462989,532,0.429,0.639,0.416,45.0,5000,99.0,1,0.0,0.0,0,0.0,0.0,0,1,1 keran stabil,stable
2026-05-24T23:17:02.082,463509,531,0.428,0.637,0.412,45.0,5000,99.0,1,0.0,0.0,0,0.0,0.0,0,1,1 keran stabil,stable
2026-05-24T23:17:02.582,464026,535,0.431,0.642,0.427,45.0,5000,99.0,1,0.0,0.0,0,0.0,0.0,0,1,1 keran stabil,stable
2026-05-24T23:17:03.078,464546,551,0.444,0.661,0.484,45.0,5000,99.0,1,0.0,0.0,0,0.0,0.0,0,1,1 keran stabil,stable
2026-05-24T23:17:03.648,465112,532,0.429,0.639,0.416,45.0,5000,99.0,1,0.0,0.0,0,0.0,0.0,0,1,1 keran stabil,stable
2026-05-24T23:17:04.187,465632,533,0.43,0.64,0.419,45.0,5000,99.0,1,0.0,0.0,0,0.0,0.0,0,1,1 keran stabil,stable
2026-05-24T23:17:04.684,466150,621,0.5,0.745,0.736,45.0,5000,99.0,1,0.0,0.0,0,0.0,0.0,0,0,0 keran stabil,stable
2026-05-24T23:17:05.247,466705,531,0.428,0.637,0.412,45.0,5000,99.0,1,0.0,0.0,0,0.0,0.0,0,0,0 keran stabil,stable
2026-05-24T23:17:05.869,467330,531,0.428,0.637,0.412,45.0,5000,99.0,1,0.0,0.0,0,0.0,0.0,0,0,0 keran stabil,stable
2026-05-24T23:17:06.367,467847,540,0.435,0.648,0.445,45.0,5000,99.0,1,0.0,0.0,0,0.0,0.0,0,0,0 keran stabil,stable
2026-05-24T23:17:06.925,468367,533,0.43,0.64,0.419,45.0,5000,99.0,1,0.0,0.0,0,0.0,0.0,0,0,0 keran stabil,stable
2026-05-24T23:17:07.482,468933,533,0.43,0.64,0.419,45.0,5000,99.0,1,0.0,0.0,0,0.0,0.0,0,0,0 keran stabil,stable
2026-05-24T23:17:07.981,469453,503,0.405,0.604,0.311,45.0,5000,99.0,1,0.0,0.0,0,0.0,0.0,0,0,0 keran stabil,stable
2026-05-24T23:17:08.604,470075,500,0.403,0.6,0.3,45.0,5000,99.0,1,0.0,0.0,0,0.0,0.0,0,0,0 keran stabil,stable
2026-05-24T23:17:09.103,470595,500,0.403,0.6,0.3,45.0,5000,99.0,1,0.0,0.0,0,0.0,0.0,0,0,0 keran stabil,stable
2026-05-24T23:17:09.602,471047,531,0.428,0.637,0.412,45.0,5000,99.0,1,0.0,0.0,0,0.0,0.0,0,0,0 keran stabil,stable
2026-05-24T23:17:10.094,471567,533,0.43,0.64,0.419,45.0,5000,99.0,1,0.0,0.0,0,0.0,0.0,0,0,0 keran stabil,stable
2026-05-24T23:17:10.643,472084,531,0.428,0.637,0.412,45.0,5000,99.0,1,0.0,0.0,0,0.0,0.0,0,0,0 keran stabil,stable
2026-05-24T23:17:11.294,472754,533,0.43,0.64,0.419,45.0,5000,99.0,1,0.0,0.0,0,0.0,0.0,0,0,0 keran stabil,stable
2026-05-24T23:17:11.915,473378,533,0.43,0.64,0.419,45.0,5000,99.0,1,0.0,0.0,0,0.0,0.0,0,0,0 keran stabil,stable
2026-05-24T23:17:12.412,473896,533,0.43,0.64,0.419,45.0,5000,99.0,1,0.0,0.0,0,0.0,0.0,0,0,0 keran stabil,stable
2026-05-24T23:17:12.912,474416,532,0.429,0.639,0.416,45.0,5000,99.0,1,0.0,0.0,0,0.0,0.0,0,0,0 keran stabil,stable
2026-05-24T23:17:13.505,474972,187,0.151,0.224,0.0,45.0,5000,99.0,1,0.0,0.0,0,0.0,0.0,0,5->0,Transisi tutup cepat 5->0 keran,transition_close
2026-05-24T23:17:14.105,475596,530,0.427,0.636,0.409,45.0,5000,99.0,1,0.0,0.0,0,0.0,0.0,0,5->0,Transisi tutup cepat 5->0 keran,transition_close
2026-05-24T23:17:14.730,476217,498,0.401,0.598,0.293,45.0,5000,99.0,1,0.0,0.0,0,0.0,0.0,0,5->0,Transisi tutup cepat 5->0 keran,transition_close
2026-05-24T23:17:15.299,476783,532,0.429,0.639,0.416,45.0,5000,99.0,1,0.0,0.0,0,0.0,0.0,0,5->0,Transisi tutup cepat 5->0 keran,transition_close
2026-05-24T23:17:15.799,477303,528,0.425,0.634,0.401,45.0,5000,99.0,1,0.0,0.0,0,0.0,0.0,0,5->0,Transisi tutup cepat 5->0 keran,transition_close
2026-05-24T23:17:16.342,477821,559,0.45,0.671,0.513,45.0,5000,99.0,1,0.0,0.0,0,0.0,0.0,0,5->0,Transisi tutup cepat 5->0 keran,transition_close
2026-05-24T23:17:16.950,478445,538,0.434,0.646,0.437,45.0,5000,99.0,1,0.0,0.0,0,0.0,0.0,0,5->0,Transisi tutup cepat 5->0 keran,transition_close
2026-05-24T23:17:17.480,479001,532,0.429,0.639,0.416,45.0,5000,99.0,1,0.0,0.0,0,0.0,0.0,0,5->0,Transisi tutup cepat 5->0 keran,transition_close
2026-05-24T23:17:18.017,479521,534,0.43,0.641,0.423,50.0,5000,110.0,1,0.0,0.0,0,0.0,0.0,0,5->0,Transisi tutup cepat 5->0 keran,transition_close
2026-05-24T23:17:18.568,480038,530,0.427,0.636,0.409,50.0,5000,110.0,1,0.0,0.0,0,0.0,0.0,0,5->0,Transisi tutup cepat 5->0 keran,transition_close
2026-05-24T23:17:19.063,480558,535,0.431,0.642,0.427,50.0,5000,110.0,1,0.0,0.0,0,0.0,0.0,0,5->0,Transisi tutup cepat 5->0 keran,transition_close
2026-05-24T23:17:19.625,481129,531,0.428,0.637,0.412,50.0,5000,110.0,1,0.0,0.0,0,0.0,0.0,0,5->0,Transisi tutup cepat 5->0 keran,transition_close
2026-05-24T23:17:20.142,481649,533,0.43,0.64,0.419,50.0,5000,110.0,1,0.0,0.0,0,0.0,0.0,0,5->0,Transisi tutup cepat 5->0 keran,transition_close
2026-05-24T23:17:20.652,482172,532,0.429,0.639,0.416,50.0,5000,110.0,1,0.0,0.0,0,0.0,0.0,0,-,Belum ditandai,unset
2026-05-24T23:17:21.164,482692,532,0.429,0.639,0.416,50.0,5000,110.0,1,0.0,0.0,0,0.0,0.0,0,-,Belum ditandai,unset
2026-05-24T23:17:21.660,483144,532,0.429,0.639,0.416,50.0,5000,110.0,1,0.0,0.0,0,0.0,0.0,0,-,Belum ditandai,unset
2026-05-24T23:17:22.160,483664,529,0.426,0.635,0.405,50.0,5000,110.0,1,0.0,0.0,0,0.0,0.0,0,-,Belum ditandai,unset
2026-05-24T23:17:22.657,484181,530,0.427,0.636,0.409,50.0,5000,110.0,1,0.0,0.0,0,0.0,0.0,0,-,Belum ditandai,unset
2026-05-24T23:17:23.155,484701,532,0.429,0.639,0.416,50.0,5000,110.0,1,0.0,0.0,0,0.0,0.0,0,-,Belum ditandai,unset
2026-05-24T23:17:23.763,485267,532,0.429,0.639,0.416,50.0,5000,110.0,1,0.0,0.0,0,0.0,0.0,0,-,Belum ditandai,unset
2026-05-24T23:17:24.381,485889,537,0.433,0.645,0.434,50.0,5000,110.0,1,0.0,0.0,0,0.0,0.0,0,-,Belum ditandai,unset
2026-05-24T23:17:24.991,486513,550,0.443,0.66,0.481,50.0,5000,110.0,1,0.0,0.0,0,0.0,0.0,0,-,Belum ditandai,unset
2026-05-24T23:17:25.550,487069,533,0.43,0.64,0.419,50.0,5000,110.0,1,0.0,0.0,0,0.0,0.0,0,-,Belum ditandai,unset
2026-05-24T23:17:26.063,487589,533,0.43,0.64,0.419,50.0,5000,110.0,1,0.0,0.0,0,0.0,0.0,0,-,Belum ditandai,unset
2026-05-24T23:17:26.573,488106,531,0.428,0.637,0.412,50.0,5000,110.0,1,0.0,0.0,0,0.0,0.0,0,-,Belum ditandai,unset
2026-05-24T23:17:27.100,488626,531,0.428,0.637,0.412,50.0,5000,110.0,1,0.0,0.0,0,0.0,0.0,0,-,Belum ditandai,unset
2026-05-24T23:17:27.680,489192,508,0.409,0.61,0.329,50.0,5000,110.0,1,0.0,0.0,0,0.0,0.0,0,-,Belum ditandai,unset
2026-05-24T23:17:28.187,489712,528,0.425,0.634,0.401,50.0,5000,110.0,1,0.0,0.0,0,0.0,0.0,0,5,5 keran stabil,stable
2026-05-24T23:17:28.720,490230,527,0.425,0.633,0.398,50.0,5000,110.0,1,0.0,0.0,0,0.0,0.0,0,5,5 keran stabil,stable
2026-05-24T23:17:29.375,490890,531,0.428,0.637,0.412,50.0,5000,110.0,1,0.0,0.0,0,0.0,0.0,0,5,5 keran stabil,stable
2026-05-24T23:17:29.989,491514,530,0.427,0.636,0.409,50.0,5000,110.0,1,0.0,0.0,0,0.0,0.0,0,5,5 keran stabil,stable
2026-05-24T23:17:30.635,492135,532,0.429,0.639,0.416,50.0,5000,110.0,1,0.0,0.0,0,0.0,0.0,0,5,5 keran stabil,stable
2026-05-24T23:17:31.213,492759,531,0.428,0.637,0.412,50.0,5000,110.0,1,0.0,0.0,0,0.0,0.0,0,5,5 keran stabil,stable
2026-05-24T23:17:31.786,493325,533,0.43,0.64,0.419,50.0,5000,110.0,1,0.0,0.0,0,0.0,0.0,0,5,5 keran stabil,stable
2026-05-24T23:17:32.370,493947,544,0.438,0.653,0.459,50.0,5000,110.0,1,0.0,0.0,0,0.0,0.0,0,5,5 keran stabil,stable
2026-05-24T23:17:32.931,494467,531,0.428,0.637,0.412,50.0,5000,110.0,1,0.0,0.0,0,0.0,0.0,0,5,5 keran stabil,stable
2026-05-24T23:17:33.450,495023,559,0.45,0.671,0.513,50.0,5000,110.0,1,0.0,0.0,0,0.0,0.0,0,5,5 keran stabil,stable
2026-05-24T23:17:33.979,495543,521,0.42,0.625,0.376,50.0,5000,110.0,1,0.0,0.0,0,0.0,0.0,0,5,5 keran stabil,stable
