pc_timestamp,stm32_ms,adc_raw,adc_voltage_v,sensor_voltage_v,pressure_bar,duty_percent,frequency_hz,estimated_output_rms_v,jsy_online,jsy_voltage_rms_v,jsy_current_rms_a,jsy_active_power_w,jsy_power_factor,jsy_energy_kwh,jsy_error_count,nn_mode,nn_duty_percent,valve_open_count,valve_state_label,valve_phase,setpoint_bar,episode_id,is_decision
2026-06-15T03:51:10.350,1530142,47,0.293133333,0.5362,0.381,75,5000,165,1,163.8,0.906,146,0.983,0.02,1195,0,0,1,1 keran stabil,stable,0.3,1,0
2026-06-15T03:51:10.845,1530670,0,0.253733333,0.505733333,0.336933333,75,5000,165,1,163.8,0.906,146,0.983,0.02,1195,0,0,1,1 keran stabil,stable,0.3,1,0
2026-06-15T03:51:11.451,1531252,27,0.302466667,0.516266667,0.357866667,75,5000,165,1,163.77,0.906,146,0.983,0.02,1195,0,0,1,1 keran stabil,stable,0.3,1,0
2026-06-15T03:51:11.967,1531780,685,0.3246,0.5108,0.353533333,75,5000,165,1,163.77,0.906,146,0.983,0.02,1195,0,0,1,1 keran stabil,stable,0.3,1,0
2026-06-15T03:51:12.531,1532362,496,0.330933333,0.53,0.384466667,75,5000,165,1,163.85,0.906,146,0.983,0.02,1195,0,0,1,1 keran stabil,stable,0.3,1,0
2026-06-15T03:51:13.095,1532891,497,0.3242,0.536266667,0.3918,75,5000,165,1,163.85,0.906,146,0.983,0.02,1195,0,0,1,1 keran stabil,stable,0.3,1,0
2026-06-15T03:51:13.660,1533473,497,0.3214,0.5628,0.4388,75,5000,165,1,163.8,0.905,146,0.984,0.02,1195,0,0,1,1 keran stabil,stable,0.3,1,0
2026-06-15T03:51:14.194,1534002,462,0.345133333,0.5564,0.416133333,75,5000,165,1,163.8,0.905,146,0.984,0.02,1195,0,0,1,1 keran stabil,stable,0.3,1,0
2026-06-15T03:51:14.770,1534583,492,0.3066,0.518533333,0.351866667,75,5000,165,1,163.82,0.903,146,0.986,0.02,1195,0,0,1,1 keran stabil,stable,0.3,1,0
2026-06-15T03:51:15.341,1535165,45,0.288666667,0.493533333,0.311266667,75,5000,165,1,163.79,0.903,146,0.987,0.02,1195,0,0,1,1 keran stabil,stable,0.3,1,0
2026-06-15T03:51:15.901,1535694,0,0.292666667,0.5064,0.339733333,75,5000,165,1,163.79,0.903,146,0.987,0.02,1195,0,0,1,1 keran stabil,stable,0.3,1,0
2026-06-15T03:51:16.439,1536275,48,0.2896,0.534733333,0.382666667,75,5000,165,1,163.83,0.902,146,0.987,0.02,1195,0,0,1,1 keran stabil,stable,0.3,1,0
2026-06-15T03:51:16.998,1536803,665,0.307266667,0.519933333,0.358466667,75,5000,165,1,163.83,0.902,146,0.987,0.02,1195,0,0,1,1 keran stabil,stable,0.3,1,0
2026-06-15T03:51:17.555,1537385,540,0.285866667,0.512466667,0.349266667,75,5000,165,1,163.83,0.902,146,0.987,0.02,1195,0,0,1,1 keran stabil,stable,0.3,1,0
2026-06-15T03:51:18.083,1537916,483,0.311133333,0.5276,0.3738,75,5000,165,1,163.83,0.902,146,0.987,0.02,1195,0,0,1,1 keran stabil,stable,0.3,1,0
2026-06-15T03:51:18.655,1538496,505,0.278,0.528733333,0.375933333,75,5000,165,1,163.85,0.901,146,0.988,0.02,1195,0,0,1,1 keran stabil,stable,0.3,1,0
2026-06-15T03:51:19.173,1539025,34,0.2706,0.534,0.3778,75,5000,165,1,163.85,0.901,146,0.988,0.02,1195,0,0,1,1 keran stabil,stable,0.3,1,0
2026-06-15T03:51:19.678,1539500,491,0.247466667,0.5082,0.345466667,75,5000,165,1,163.84,0.901,146,0.989,0.02,1195,0,0,1,1 keran stabil,stable,0.3,1,0
2026-06-15T03:51:20.178,1540029,488,0.273733333,0.541266667,0.387933333,75,5000,165,1,163.84,0.901,146,0.989,0.02,1195,0,0,1,1 keran stabil,stable,0.3,1,0
2026-06-15T03:51:20.680,1540505,499,0.268333333,0.511333333,0.348866667,75,5000,165,1,163.86,0.9,146,0.99,0.02,1195,0,0,1,1 keran stabil,stable,0.3,1,0
2026-06-15T03:51:21.185,1541034,455,0.360466667,0.528533333,0.367733333,75,5000,165,1,163.86,0.9,146,0.99,0.02,1195,0,0,1,1 keran stabil,stable,0.3,1,0
2026-06-15T03:51:21.191,1541034,455,0.360466667,0.528533333,0.367733333,75,5000,165,1,163.86,0.9,146,0.99,0.02,1195,0,0,1,1 keran stabil,stable,0.3,1,1
2026-06-15T03:51:21.688,1541511,461,0.384133333,0.531533333,0.320133333,73,5000,160.6,1,163.83,0.899,145,0.984,0.02,1195,0,0,1,1 keran stabil,stable,0.3,1,0
2026-06-15T03:51:22.188,1542041,474,0.412533333,0.554,0.27,73,5000,160.6,1,163.83,0.899,145,0.984,0.02,1195,0,0,1,1 keran stabil,stable,0.3,1,0
2026-06-15T03:51:22.687,1542515,480,0.410066667,0.5608,0.225266667,73,5000,160.6,1,159.83,0.884,139,0.983,0.02,1195,0,0,1,1 keran stabil,stable,0.3,1,0
2026-06-15T03:51:23.187,1543045,473,0.383666667,0.566,0.198133333,73,5000,160.6,1,159.83,0.884,139,0.983,0.02,1195,0,0,1,1 keran stabil,stable,0.3,1,0
2026-06-15T03:51:23.686,1543520,475,0.3856,0.567333333,0.202,73,5000,160.6,1,159.75,0.881,139,0.987,0.02,1195,0,0,1,1 keran stabil,stable,0.3,1,0
2026-06-15T03:51:24.371,1544206,483,0.3834,0.565933333,0.1994,73,5000,160.6,1,159.76,0.881,139,0.987,0.02,1195,0,0,1,1 keran stabil,stable,0.3,1,0
2026-06-15T03:51:24.698,1544524,469,0.384,0.5656,0.199,73,5000,160.6,1,159.76,0.881,139,0.987,0.02,1195,0,0,1,1 keran stabil,stable,0.3,1,1
2026-06-15T03:51:24.996,1544842,529,0.389,0.5678,0.205666667,76,5000,167.2,1,159.76,0.881,139,0.987,0.02,1195,0,0,1,1 keran stabil,stable,0.3,1,0
2026-06-15T03:51:25.498,1545317,507,0.392333333,0.575866667,0.229733333,76,5000,167.2,1,159.92,0.881,139,0.986,0.02,1195,0,0,1,1 keran stabil,stable,0.3,1,0
2026-06-15T03:51:25.999,1545847,479,0.4016,0.5866,0.260866667,76,5000,167.2,1,159.92,0.881,139,0.986,0.02,1195,0,0,1,1 keran stabil,stable,0.3,1,0
2026-06-15T03:51:26.499,1546322,502,0.4068,0.594133333,0.282733333,76,5000,167.2,1,165.87,0.904,148,0.987,0.02,1195,0,0,1,1 keran stabil,stable,0.3,1,0
2026-06-15T03:51:26.997,1546852,495,0.401733333,0.594733333,0.284533333,76,5000,167.2,1,165.87,0.904,148,0.987,0.02,1195,0,0,1,1 keran stabil,stable,0.3,1,0
2026-06-15T03:51:27.501,1547326,478,0.399666667,0.593466667,0.280733333,76,5000,167.2,1,165.85,0.903,148,0.988,0.02,1195,0,0,1,1 keran stabil,stable,0.3,1,0
2026-06-15T03:51:28.001,1547856,510,0.397333333,0.592333333,0.277,76,5000,167.2,1,165.85,0.903,148,0.988,0.02,1195,0,0,1,1 keran stabil,stable,0.3,1,0
2026-06-15T03:51:28.202,1548068,500,0.396533333,0.593,0.278866667,76,5000,167.2,1,165.85,0.903,148,0.988,0.02,1195,0,0,1,1 keran stabil,stable,0.3,1,1
2026-06-15T03:51:28.501,1548331,531,0.400066667,0.593066667,0.279266667,77,5000,169.4,1,165.9,0.902,148,0.989,0.02,1195,0,0,1,1 keran stabil,stable,0.3,1,0
2026-06-15T03:51:29.002,1548861,525,0.406866667,0.596666667,0.290066667,77,5000,169.4,1,165.9,0.902,148,0.989,0.02,1195,0,0,1,1 keran stabil,stable,0.3,1,0
2026-06-15T03:51:29.504,1549336,508,0.413533333,0.599466667,0.2988,77,5000,169.4,1,167.9,0.908,151,0.99,0.02,1195,0,0,1,1 keran stabil,stable,0.3,1,0
2026-06-15T03:51:30.004,1549866,507,0.417533333,0.6018,0.3054,77,5000,169.4,1,167.9,0.908,151,0.99,0.02,1195,0,0,1,1 keran stabil,stable,0.3,1,0
2026-06-15T03:51:30.506,1550341,510,0.411733333,0.600733333,0.302133333,77,5000,169.4,1,167.92,0.909,151,0.989,0.02,1195,0,0,1,1 keran stabil,stable,0.3,1,0
2026-06-15T03:51:31.005,1550871,521,0.4114,0.6018,0.3052,77,5000,169.4,1,167.92,0.909,151,0.989,0.02,1195,0,0,1,1 keran stabil,stable,0.3,1,0
2026-06-15T03:51:31.510,1551345,501,0.409666667,0.602333333,0.307133333,77,5000,169.4,1,167.89,0.908,151,0.99,0.02,1195,0,0,1,1 keran stabil,stable,0.3,1,0
2026-06-15T03:51:31.712,1551557,507,0.409466667,0.601933333,0.305933333,77,5000,169.4,1,167.89,0.908,151,0.99,0.02,1195,0,0,1,1 keran stabil,stable,0.3,1,1
2026-06-15T03:51:32.009,1551875,512,0.410666667,0.6028,0.308466667,77,5000,169.4,1,167.89,0.908,151,0.99,0.02,1195,0,0,1,1 keran stabil,stable,0.3,1,0
2026-06-15T03:51:32.575,1552456,496,0.408666667,0.602533333,0.308133333,77,5000,169.4,1,167.93,0.908,151,0.99,0.02,1195,0,0,1,1 keran stabil,stable,0.3,1,0
2026-06-15T03:51:33.140,1552986,506,0.4108,0.6042,0.313066667,77,5000,169.4,1,167.93,0.908,151,0.99,0.02,1195,0,0,1,1 keran stabil,stable,0.3,1,0
2026-06-15T03:51:33.705,1553566,507,0.410133333,0.601333333,0.304733333,77,5000,169.4,1,167.92,0.908,151,0.99,0.02,1195,0,0,1,1 keran stabil,stable,0.3,1,0
2026-06-15T03:51:34.205,1554096,510,0.411066667,0.601533333,0.304933333,77,5000,169.4,1,167.92,0.908,151,0.99,0.02,1195,0,0,1,1 keran stabil,stable,0.3,1,0
2026-06-15T03:51:34.705,1554576,505,0.408866667,0.5998,0.300066667,77,5000,169.4,1,167.94,0.906,150,0.985,0.02,1195,0,0,1,1 keran stabil,stable,0.3,1,0
2026-06-15T03:51:35.205,1555106,518,0.410733333,0.602133333,0.306733333,77,5000,169.4,1,167.94,0.906,150,0.985,0.02,1195,0,0,1,1 keran stabil,stable,0.3,1,0
2026-06-15T03:51:35.220,1555106,518,0.410733333,0.602133333,0.306733333,77,5000,169.4,1,167.94,0.906,150,0.985,0.02,1195,0,0,1,1 keran stabil,stable,0.3,1,1
2026-06-15T03:51:35.704,1555586,513,0.410266667,0.601533333,0.305,77,5000,169.4,1,167.89,0.906,150,0.986,0.02,1195,0,0,1,1 keran stabil,stable,0.3,1,0
2026-06-15T03:51:36.204,1556116,521,0.408666667,0.598333333,0.295,77,5000,169.4,1,167.89,0.906,150,0.986,0.02,1195,0,0,1,1 keran stabil,stable,0.3,1,0
2026-06-15T03:51:36.703,1556590,520,0.408866667,0.5974,0.2916,77,5000,169.4,1,167.97,0.905,150,0.986,0.02,1195,0,0,1,1 keran stabil,stable,0.3,1,0
2026-06-15T03:51:37.204,1557120,509,0.409733333,0.5984,0.294533333,77,5000,169.4,1,167.97,0.905,150,0.986,0.02,1195,0,0,1,1 keran stabil,stable,0.3,1,0
2026-06-15T03:51:37.826,1557701,509,0.4114,0.601,0.3024,77,5000,169.4,1,167.95,0.905,150,0.986,0.02,1195,0,0,1,1 keran stabil,stable,0.3,1,0
2026-06-15T03:51:38.389,1558282,506,0.409866667,0.6012,0.303666667,77,5000,169.4,1,167.94,0.904,150,0.988,0.02,1195,0,0,1,1 keran stabil,stable,0.3,1,0
2026-06-15T03:51:38.721,1558494,512,0.410133333,0.601533333,0.304933333,77,5000,169.4,1,167.94,0.904,150,0.988,0.02,1195,0,0,1,1 keran stabil,stable,0.3,1,1
2026-06-15T03:51:38.929,1558812,512,0.4114,0.602466667,0.307733333,77,5000,169.4,1,167.94,0.904,150,0.988,0.02,1195,0,0,1,1 keran stabil,stable,0.3,1,0
2026-06-15T03:51:39.507,1559392,511,0.4098,0.601733333,0.305533333,77,5000,169.4,1,167.97,0.904,150,0.987,0.02,1195,0,0,1,1 keran stabil,stable,0.3,1,0
2026-06-15T03:51:40.015,1559922,425,0.405,0.5994,0.299466667,77,5000,169.4,1,167.97,0.904,150,0.987,0.02,1195,0,0,1,1 keran stabil,stable,0.3,1,0
2026-06-15T03:51:40.587,1560503,491,0.3982,0.592,0.277466667,77,5000,169.4,1,167.94,0.901,150,0.991,0.02,1195,0,0,1,1 keran stabil,stable,0.3,1,0
2026-06-15T03:51:41.145,1561033,502,0.3972,0.588533333,0.266933333,77,5000,169.4,1,167.94,0.901,150,0.991,0.02,1195,0,0,1,1 keran stabil,stable,0.3,1,0
2026-06-15T03:51:41.731,1561614,502,0.3986,0.5872,0.261666667,77,5000,169.4,1,168.12,0.839,139,0.985,0.02,1195,0,0,1,1 keran stabil,stable,0.3,1,0
2026-06-15T03:51:42.222,1562038,502,0.401,0.5892,0.266866667,77,5000,169.4,1,168.12,0.839,139,0.985,0.02,1195,0,0,1,1 keran stabil,stable,0.3,1,1
2026-06-15T03:51:42.256,1562144,496,0.401266667,0.590066667,0.2696,77,5000,169.4,1,168.12,0.839,139,0.985,0.02,1195,0,0,1,1 keran stabil,stable,0.3,1,0
2026-06-15T03:51:42.792,1562724,526,0.4042,0.593,0.278533333,78,5000,171.6,1,168.15,0.839,139,0.985,0.02,1195,0,0,1,1 keran stabil,stable,0.3,1,0
2026-06-15T03:51:43.411,1563305,484,0.4046,0.595,0.2848,78,5000,171.6,1,170.21,0.84,141,0.986,0.02,1195,0,0,1,1 keran stabil,stable,0.3,1,0
2026-06-15T03:51:43.922,1563833,453,0.392066667,0.579133333,0.237733333,78,5000,171.6,1,170.21,0.84,141,0.986,0.02,1195,0,0,1,1 keran stabil,stable,0.3,1,0
2026-06-15T03:51:44.478,1564415,482,0.3854,0.570533333,0.212266667,78,5000,171.6,1,170.65,0.718,121,0.987,0.02,1195,0,0,1,1 keran stabil,stable,0.3,1,0
2026-06-15T03:51:45.002,1564945,490,0.385533333,0.563666667,0.191733333,78,5000,171.6,1,170.65,0.718,121,0.987,0.02,1195,0,0,1,1 keran stabil,stable,0.3,1,0
2026-06-15T03:51:45.509,1565420,505,0.394066667,0.571266667,0.215066667,78,5000,171.6,1,170.45,0.765,129,0.989,0.02,1195,0,0,1,1 keran stabil,stable,0.3,1,0
2026-06-15T03:51:45.723,1565632,486,0.3948,0.573733333,0.222666667,78,5000,171.6,1,170.45,0.765,129,0.989,0.02,1195,0,0,1,1 keran stabil,stable,0.3,1,1
2026-06-15T03:51:46.033,1565950,501,0.3958,0.5736,0.221666667,80,5000,176,1,170.45,0.765,129,0.989,0.02,1195,0,0,1,1 keran stabil,stable,0.3,1,0
2026-06-15T03:51:46.606,1566531,485,0.392,0.574666667,0.2248,80,5000,176,1,173.82,0.77,132,0.986,0.02,1195,0,0,1,1 keran stabil,stable,0.3,1,0
2026-06-15T03:51:47.136,1567061,507,0.391666667,0.576333333,0.229133333,80,5000,176,1,173.82,0.77,132,0.986,0.02,1195,0,0,1,1 keran stabil,stable,0.3,1,0
2026-06-15T03:51:47.732,1567641,491,0.3926,0.5784,0.235533333,80,5000,176,1,174.67,0.767,132,0.985,0.02,1195,0,0,3,3 keran stabil,stable,0.3,1,0
2026-06-15T03:51:48.232,1568171,486,0.3956,0.578,0.234066667,80,5000,176,1,174.67,0.767,132,0.985,0.02,1195,0,0,3,3 keran stabil,stable,0.3,1,0
2026-06-15T03:51:48.732,1568646,498,0.3962,0.5782,0.234466667,80,5000,176,1,174.69,0.766,132,0.986,0.02,1195,0,0,3,3 keran stabil,stable,0.3,1,0
2026-06-15T03:51:49.233,1569176,484,0.393533333,0.577266667,0.231933333,80,5000,176,1,174.69,0.766,132,0.986,0.02,1195,0,0,3,3 keran stabil,stable,0.3,1,0
2026-06-15T03:51:49.235,1569176,484,0.393533333,0.577266667,0.231933333,80,5000,176,1,174.69,0.766,132,0.986,0.02,1195,0,0,3,3 keran stabil,stable,0.3,1,1
2026-06-15T03:51:49.735,1569651,490,0.3924,0.5772,0.2318,82,5000,180.4,1,174.71,0.763,132,0.99,0.02,1195,0,0,3,3 keran stabil,stable,0.3,1,0
2026-06-15T03:51:50.235,1570181,490,0.393933333,0.5798,0.240133333,82,5000,180.4,1,174.71,0.763,132,0.99,0.02,1195,0,0,3,3 keran stabil,stable,0.3,1,0
2026-06-15T03:51:50.733,1570655,500,0.393466667,0.5804,0.2416,82,5000,180.4,1,178.93,0.762,135,0.99,0.02,1195,0,0,3,3 keran stabil,stable,0.3,1,0
2026-06-15T03:51:51.232,1571185,493,0.399666667,0.583133333,0.249733333,82,5000,180.4,1,178.93,0.762,135,0.99,0.02,1195,0,0,3,3 keran stabil,stable,0.3,1,0
2026-06-15T03:51:51.731,1571660,493,0.400133333,0.5824,0.247666667,82,5000,180.4,1,178.93,0.756,134,0.99,0.02,1195,0,0,3,3 keran stabil,stable,0.3,1,0
2026-06-15T03:51:52.230,1572190,518,0.403,0.582266667,0.247133333,82,5000,180.4,1,178.93,0.756,134,0.99,0.02,1195,0,0,3,3 keran stabil,stable,0.3,1,0
2026-06-15T03:51:52.733,1572665,493,0.4026,0.582466667,0.2478,82,5000,180.4,1,178.98,0.756,134,0.99,0.02,1195,0,0,3,3 keran stabil,stable,0.3,1,0
2026-06-15T03:51:52.736,1572665,493,0.4026,0.582466667,0.2478,82,5000,180.4,1,178.98,0.756,134,0.99,0.02,1195,0,0,3,3 keran stabil,stable,0.3,1,1
2026-06-15T03:51:53.236,1573195,491,0.3982,0.583266667,0.250066667,84,5000,184.8,1,178.98,0.756,134,0.99,0.02,1195,0,0,3,3 keran stabil,stable,0.3,1,0
2026-06-15T03:51:53.738,1573669,495,0.3992,0.582266667,0.2476,84,5000,184.8,1,179.45,0.756,134,0.987,0.02,1195,0,0,3,3 keran stabil,stable,0.3,1,0
2026-06-15T03:51:54.240,1574199,487,0.400066667,0.5836,0.251933333,84,5000,184.8,1,179.45,0.756,134,0.987,0.02,1195,0,0,3,3 keran stabil,stable,0.3,1,0
2026-06-15T03:51:54.744,1574674,499,0.3998,0.583333333,0.251533333,84,5000,184.8,1,183.23,0.753,137,0.992,0.02,1195,0,0,3,3 keran stabil,stable,0.3,1,0
2026-06-15T03:51:55.248,1575204,513,0.401666667,0.583533333,0.252866667,84,5000,184.8,1,183.23,0.753,137,0.992,0.02,1195,0,0,3,3 keran stabil,stable,0.3,1,0
2026-06-15T03:51:55.749,1575679,496,0.4002,0.584133333,0.253666667,84,5000,184.8,1,183.15,0.752,137,0.994,0.02,1195,0,0,3,3 keran stabil,stable,0.3,1,0
2026-06-15T03:51:56.250,1576209,493,0.401866667,0.5842,0.253333333,84,5000,184.8,1,183.15,0.752,137,0.994,0.02,1195,0,0,3,3 keran stabil,stable,0.3,1,0
2026-06-15T03:51:56.252,1576209,493,0.401866667,0.5842,0.253333333,84,5000,184.8,1,183.15,0.752,137,0.994,0.02,1195,0,0,3,3 keran stabil,stable,0.3,1,1
2026-06-15T03:51:56.750,1576683,497,0.400666667,0.584733333,0.253933333,85,5000,187,1,183.18,0.753,137,0.993,0.02,1195,0,0,3,3 keran stabil,stable,0.3,1,0
2026-06-15T03:51:57.249,1577213,497,0.399866667,0.585933333,0.2574,85,5000,187,1,183.18,0.753,137,0.993,0.02,1195,0,0,3,3 keran stabil,stable,0.3,1,0
2026-06-15T03:51:57.751,1577688,507,0.399733333,0.5848,0.254866667,85,5000,187,1,185.29,0.754,138,0.987,0.02,1195,0,0,3,3 keran stabil,stable,0.3,1,0
2026-06-15T03:51:58.247,1578218,495,0.399666667,0.5854,0.256866667,85,5000,187,1,185.29,0.754,138,0.987,0.02,1195,0,0,3,3 keran stabil,stable,0.3,1,0
2026-06-15T03:51:58.826,1578799,507,0.4,0.5852,0.2568,85,5000,187,1,185.32,0.752,138,0.99,0.02,1195,0,0,3,3 keran stabil,stable,0.3,1,0
2026-06-15T03:51:59.399,1579379,499,0.399333333,0.586733333,0.260666667,85,5000,187,1,185.26,0.752,138,0.99,0.02,1195,0,0,3,3 keran stabil,stable,0.3,1,0
2026-06-15T03:51:59.754,1579697,467,0.398466667,0.587533333,0.262666667,85,5000,187,1,185.26,0.752,138,0.99,0.02,1195,0,0,3,3 keran stabil,stable,0.3,1,1
2026-06-15T03:51:59.911,1579909,497,0.398333333,0.5864,0.259333333,86,5000,189.2,1,185.26,0.752,138,0.99,0.02,1195,0,0,3,3 keran stabil,stable,0.3,1,0
2026-06-15T03:52:00.413,1580384,501,0.400666667,0.586866667,0.260266667,86,5000,189.2,1,185.55,0.753,139,0.994,0.02,1195,0,0,3,3 keran stabil,stable,0.3,1,0
2026-06-15T03:52:00.913,1580914,496,0.3992,0.586733333,0.259733333,86,5000,189.2,1,185.55,0.753,139,0.994,0.02,1195,0,0,3,3 keran stabil,stable,0.3,1,0
2026-06-15T03:52:01.413,1581389,497,0.3998,0.587066667,0.260733333,86,5000,189.2,1,187.4,0.754,140,0.99,0.02,1195,0,0,3,3 keran stabil,stable,0.3,1,0
2026-06-15T03:52:01.917,1581919,480,0.399933333,0.588533333,0.2654,86,5000,189.2,1,187.4,0.754,140,0.99,0.02,1195,0,0,3,3 keran stabil,stable,0.3,1,0
2026-06-15T03:52:02.417,1582393,502,0.4,0.5896,0.268733333,86,5000,189.2,1,187.43,0.755,140,0.989,0.02,1195,0,0,3,3 keran stabil,stable,0.3,1,0
2026-06-15T03:52:02.916,1582923,499,0.401533333,0.591133333,0.2734,86,5000,189.2,1,187.43,0.755,140,0.989,0.02,1195,0,0,3,3 keran stabil,stable,0.3,1,0
2026-06-15T03:52:03.260,1583135,494,0.401,0.5912,0.273666667,86,5000,189.2,1,187.43,0.755,140,0.989,0.02,1195,0,0,3,3 keran stabil,stable,0.3,1,1
2026-06-15T03:52:03.418,1583398,498,0.400666667,0.590733333,0.272133333,87,5000,191.4,1,187.43,0.754,140,0.99,0.02,1195,0,0,3,3 keran stabil,stable,0.3,1,0
2026-06-15T03:52:03.921,1583928,502,0.402133333,0.591666667,0.275,87,5000,191.4,1,187.43,0.754,140,0.99,0.02,1195,0,0,3,3 keran stabil,stable,0.3,1,0
2026-06-15T03:52:04.423,1584403,486,0.4006,0.591466667,0.2742,87,5000,191.4,1,189.31,0.755,142,0.993,0.02,1195,0,0,3,3 keran stabil,stable,0.3,1,0
2026-06-15T03:52:04.924,1584933,501,0.402466667,0.5924,0.2774,87,5000,191.4,1,189.31,0.755,142,0.993,0.02,1195,0,0,3,3 keran stabil,stable,0.3,1,0
2026-06-15T03:52:05.424,1585408,500,0.404466667,0.592066667,0.276466667,87,5000,191.4,1,189.58,0.755,142,0.992,0.02,1195,0,0,3,3 keran stabil,stable,0.3,1,0
2026-06-15T03:52:05.926,1585938,501,0.405466667,0.591933333,0.276466667,87,5000,191.4,1,189.58,0.755,142,0.992,0.02,1195,0,0,3,3 keran stabil,stable,0.3,1,0
2026-06-15T03:52:06.430,1586412,518,0.406333333,0.591733333,0.2764,87,5000,191.4,1,189.56,0.755,142,0.992,0.02,1195,0,0,3,3 keran stabil,stable,0.3,1,0
2026-06-15T03:52:06.775,1586730,495,0.4054,0.5922,0.277733333,87,5000,191.4,1,189.56,0.755,142,0.992,0.02,1195,0,0,3,3 keran stabil,stable,0.3,1,1
2026-06-15T03:52:06.932,1586942,509,0.404466667,0.591866667,0.276866667,88,5000,193.6,1,189.56,0.755,142,0.992,0.02,1195,0,0,3,3 keran stabil,stable,0.3,1,0
2026-06-15T03:52:07.432,1587417,501,0.4038,0.5918,0.276266667,88,5000,193.6,1,191.41,0.757,144,0.993,0.02,1195,0,0,3,3 keran stabil,stable,0.3,1,0
2026-06-15T03:52:07.935,1587947,502,0.403733333,0.5918,0.2756,88,5000,193.6,1,191.41,0.757,144,0.993,0.02,1195,0,0,3,3 keran stabil,stable,0.3,1,0
2026-06-15T03:52:08.434,1588422,519,0.403,0.591266667,0.274066667,88,5000,193.6,1,191.66,0.756,144,0.993,0.02,1195,0,0,3,3 keran stabil,stable,0.3,1,0
2026-06-15T03:52:09.059,1589058,502,0.404866667,0.593133333,0.279533333,88,5000,193.6,1,191.66,0.756,144,0.993,0.02,1195,0,0,3,3 keran stabil,stable,0.3,1,0
2026-06-15T03:52:09.560,1589532,499,0.404533333,0.592933333,0.279,88,5000,193.6,1,191.62,0.756,144,0.994,0.02,1195,0,0,3,3 keran stabil,stable,0.3,1,0
2026-06-15T03:52:10.064,1590062,494,0.403466667,0.5914,0.275133333,88,5000,193.6,1,191.62,0.756,144,0.994,0.02,1195,0,0,3,3 keran stabil,stable,0.3,1,0
2026-06-15T03:52:10.283,1590274,503,0.402733333,0.590866667,0.273666667,88,5000,193.6,1,191.62,0.756,144,0.994,0.02,1195,0,0,3,3 keran stabil,stable,0.3,1,1
2026-06-15T03:52:10.630,1590643,497,0.403466667,0.590866667,0.273866667,89,5000,195.8,1,191.66,0.756,144,0.993,0.02,1195,0,0,3,3 keran stabil,stable,0.3,1,0
2026-06-15T03:52:11.194,1591173,505,0.403733333,0.591933333,0.276933333,89,5000,195.8,1,191.66,0.756,144,0.993,0.02,1195,0,0,3,3 keran stabil,stable,0.3,1,0
2026-06-15T03:52:11.762,1591754,491,0.406733333,0.5942,0.282733333,89,5000,195.8,1,193.82,0.757,146,0.995,0.02,1195,0,0,3,3 keran stabil,stable,0.3,1,0
2026-06-15T03:52:12.262,1592284,504,0.407466667,0.594933333,0.284933333,89,5000,195.8,1,193.82,0.757,146,0.995,0.02,1195,0,0,3,3 keran stabil,stable,0.3,1,0
2026-06-15T03:52:12.766,1592759,496,0.406666667,0.594533333,0.284133333,89,5000,195.8,1,193.87,0.756,146,0.996,0.02,1195,0,0,3,3 keran stabil,stable,0.3,1,0
2026-06-15T03:52:13.266,1593289,502,0.4042,0.594,0.283,89,5000,195.8,1,193.87,0.756,146,0.996,0.02,1195,0,0,3,3 keran stabil,stable,0.3,1,0
2026-06-15T03:52:13.766,1593763,499,0.4012,0.592866667,0.279333333,89,5000,195.8,1,193.87,0.755,146,0.997,0.02,1195,0,0,3,3 keran stabil,stable,0.3,1,0
2026-06-15T03:52:13.798,1593763,499,0.4012,0.592866667,0.279333333,89,5000,195.8,1,193.87,0.755,146,0.997,0.02,1195,0,0,3,3 keran stabil,stable,0.3,1,1
2026-06-15T03:52:14.266,1594293,522,0.4032,0.5948,0.285133333,90,5000,198,1,193.87,0.755,146,0.997,0.02,1195,0,0,3,3 keran stabil,stable,0.3,1,0
2026-06-15T03:52:14.766,1594768,508,0.403733333,0.595933333,0.288133333,90,5000,198,1,194.24,0.756,146,0.994,0.02,1195,0,0,3,3 keran stabil,stable,0.3,1,0
2026-06-15T03:52:15.267,1595298,502,0.408866667,0.598533333,0.2958,90,5000,198,1,194.24,0.756,146,0.994,0.02,1195,0,0,3,3 keran stabil,stable,0.3,1,0
2026-06-15T03:52:15.770,1595773,507,0.410333333,0.598466667,0.295333333,90,5000,198,1,196.03,0.757,148,0.997,0.02,1195,0,0,3,3 keran stabil,stable,0.3,1,0
2026-06-15T03:52:16.272,1596303,531,0.408533333,0.597866667,0.293466667,90,5000,198,1,196.03,0.757,148,0.997,0.02,1195,0,0,3,3 keran stabil,stable,0.3,1,0
2026-06-15T03:52:16.771,1596777,503,0.406466667,0.595666667,0.286866667,90,5000,198,1,196.04,0.756,147,0.991,0.02,1195,0,0,3,3 keran stabil,stable,0.3,1,0
2026-06-15T03:52:17.271,1597307,509,0.4064,0.595333333,0.2862,90,5000,198,1,196.04,0.756,147,0.991,0.02,1195,0,0,3,3 keran stabil,stable,0.3,1,0
2026-06-15T03:52:17.302,1597307,509,0.4064,0.595333333,0.2862,90,5000,198,1,196.04,0.756,147,0.991,0.02,1195,0,0,3,3 keran stabil,stable,0.3,1,1
2026-06-15T03:52:17.771,1597782,511,0.411133333,0.5964,0.289133333,90,5000,198,1,196.07,0.756,147,0.991,0.02,1195,0,0,3,3 keran stabil,stable,0.3,1,0
2026-06-15T03:52:18.276,1598312,496,0.409733333,0.596466667,0.290266667,90,5000,198,1,196.07,0.756,147,0.991,0.02,1195,0,0,3,3 keran stabil,stable,0.3,1,0
2026-06-15T03:52:18.773,1598787,505,0.409733333,0.595466667,0.2868,90,5000,198,1,196.14,0.757,148,0.996,0.02,1195,0,0,3,3 keran stabil,stable,0.3,1,0
2026-06-15T03:52:19.275,1599317,507,0.408666667,0.594266667,0.2836,90,5000,198,1,196.14,0.757,148,0.996,0.02,1195,0,0,3,3 keran stabil,stable,0.3,1,0
2026-06-15T03:52:19.778,1599792,509,0.409533333,0.594933333,0.285133333,90,5000,198,1,196.12,0.757,148,0.996,0.02,1195,0,0,3,3 keran stabil,stable,0.3,1,0
2026-06-15T03:52:20.277,1600322,513,0.409733333,0.596666667,0.290733333,90,5000,198,1,196.12,0.757,148,0.996,0.02,1195,0,0,3,3 keran stabil,stable,0.3,1,0
2026-06-15T03:52:20.778,1600796,500,0.407266667,0.595666667,0.287333333,90,5000,198,1,196.1,0.756,148,0.998,0.02,1195,0,0,3,3 keran stabil,stable,0.3,1,0
2026-06-15T03:52:20.809,1600796,500,0.407266667,0.595666667,0.287333333,90,5000,198,1,196.1,0.756,148,0.998,0.02,1195,0,0,3,3 keran stabil,stable,0.3,1,1
2026-06-15T03:52:21.280,1601326,510,0.408066667,0.5954,0.2866,90,5000,198,1,196.1,0.756,148,0.998,0.02,1195,0,0,3,3 keran stabil,stable,0.3,1,0
2026-06-15T03:52:21.779,1601801,508,0.409666667,0.594466667,0.283666667,90,5000,198,1,196.03,0.756,148,0.998,0.02,1195,0,0,3,3 keran stabil,stable,0.3,1,0
2026-06-15T03:52:22.279,1602331,489,0.409933333,0.595466667,0.286533333,90,5000,198,1,196.03,0.756,148,0.998,0.02,1195,0,0,3,3 keran stabil,stable,0.3,1,0
2026-06-15T03:52:22.779,1602806,503,0.4082,0.596,0.288333333,90,5000,198,1,196.09,0.757,148,0.997,0.02,1195,0,0,3,3 keran stabil,stable,0.3,1,0
2026-06-15T03:52:23.281,1603336,527,0.4082,0.5968,0.290866667,90,5000,198,1,196.09,0.757,148,0.997,0.02,1195,0,0,3,3 keran stabil,stable,0.3,1,0
2026-06-15T03:52:23.782,1603811,505,0.406933333,0.595733333,0.287933333,90,5000,198,1,196.07,0.757,148,0.997,0.02,1195,0,0,3,3 keran stabil,stable,0.3,1,0
2026-06-15T03:52:24.287,1604341,507,0.4064,0.595333333,0.2868,90,5000,198,1,196.07,0.757,148,0.997,0.02,1195,0,0,3,3 keran stabil,stable,0.3,1,0
2026-06-15T03:52:24.319,1604341,507,0.4064,0.595333333,0.2868,90,5000,198,1,196.07,0.757,148,0.997,0.02,1195,0,0,3,3 keran stabil,stable,0.3,1,1
2026-06-15T03:52:24.792,1604816,501,0.409,0.595866667,0.288266667,90,5000,198,1,196.1,0.755,147,0.992,0.02,1195,0,0,3,3 keran stabil,stable,0.3,1,0
2026-06-15T03:52:25.293,1605346,508,0.408133333,0.595933333,0.288533333,90,5000,198,1,196.1,0.755,147,0.992,0.02,1195,0,0,3,3 keran stabil,stable,0.3,1,0
2026-06-15T03:52:25.859,1605926,507,0.408533333,0.597466667,0.293666667,90,5000,198,1,196.04,0.758,148,0.995,0.02,1195,0,0,3,3 keran stabil,stable,0.3,1,0
2026-06-15T03:52:26.424,1606507,504,0.407466667,0.596466667,0.2908,90,5000,198,1,196.05,0.757,148,0.997,0.02,1195,0,0,3,3 keran stabil,stable,0.3,1,0
2026-06-15T03:52:26.988,1607037,489,0.406666667,0.597533333,0.293466667,90,5000,198,1,196.05,0.757,148,0.997,0.02,1195,0,0,3,3 keran stabil,stable,0.3,1,0
2026-06-15T03:52:27.552,1607618,503,0.408466667,0.5976,0.293133333,90,5000,198,1,196.06,0.756,148,0.998,0.02,1195,0,0,3,3 keran stabil,stable,0.3,1,0
2026-06-15T03:52:27.833,1607830,520,0.409933333,0.597333333,0.292466667,90,5000,198,1,196.06,0.756,148,0.998,0.02,1195,0,0,3,3 keran stabil,stable,0.3,1,1
2026-06-15T03:52:28.052,1608148,506,0.4102,0.597733333,0.2934,90,5000,198,1,196.06,0.756,148,0.998,0.02,1195,0,0,3,3 keran stabil,stable,0.3,1,0
2026-06-15T03:52:28.551,1608623,500,0.411133333,0.596466667,0.290266667,90,5000,198,1,196.07,0.757,148,0.997,0.02,1195,0,0,3,3 keran stabil,stable,0.3,1,0
2026-06-15T03:52:29.112,1609153,511,0.4128,0.596333333,0.289933333,90,5000,198,1,196.07,0.757,148,0.997,0.02,1195,0,0,3,3 keran stabil,stable,0.3,1,0
2026-06-15T03:52:29.674,1609734,502,0.410133333,0.596,0.288933333,90,5000,198,1,196.07,0.756,147,0.991,0.02,1195,0,0,3,3 keran stabil,stable,0.3,1,0
2026-06-15T03:52:30.176,1610264,512,0.4092,0.596466667,0.289466667,90,5000,198,1,196.07,0.756,147,0.991,0.02,1195,0,0,3,3 keran stabil,stable,0.3,1,0
2026-06-15T03:52:30.678,1610739,545,0.409,0.595933333,0.288266667,90,5000,198,1,196.13,0.755,147,0.992,0.02,1195,0,0,3,3 keran stabil,stable,0.3,1,0
2026-06-15T03:52:31.179,1611269,503,0.4084,0.5968,0.2908,90,5000,198,1,196.13,0.755,147,0.992,0.02,1195,0,0,3,3 keran stabil,stable,0.3,1,0
2026-06-15T03:52:31.338,1611375,495,0.408,0.5968,0.290733333,90,5000,198,1,196.13,0.755,147,0.992,0.02,1195,0,0,3,3 keran stabil,stable,0.3,1,1
2026-06-15T03:52:31.682,1611743,513,0.4084,0.596666667,0.290466667,90,5000,198,1,196.05,0.756,147,0.991,0.02,1195,0,0,3,3 keran stabil,stable,0.3,1,0
2026-06-15T03:52:32.181,1612273,509,0.409066667,0.597466667,0.2924,90,5000,198,1,196.05,0.756,147,0.991,0.02,1195,0,0,3,3 keran stabil,stable,0.3,1,0
2026-06-15T03:52:32.681,1612748,510,0.403733333,0.5958,0.287133333,90,5000,198,1,196.1,0.756,148,0.998,0.02,1195,0,0,3,3 keran stabil,stable,0.3,1,0
2026-06-15T03:52:33.180,1613278,519,0.404933333,0.596266667,0.288466667,90,5000,198,1,196.1,0.756,148,0.998,0.02,1195,0,0,3,3 keran stabil,stable,0.3,1,0
2026-06-15T03:52:33.773,1613859,500,0.404933333,0.596466667,0.289666667,90,5000,198,1,196.06,0.756,147,0.991,0.02,1195,0,0,3,3 keran stabil,stable,0.3,1,0
2026-06-15T03:52:34.302,1614389,500,0.4094,0.596066667,0.288666667,90,5000,198,1,196.06,0.756,147,0.991,0.02,1195,0,0,3,3 keran stabil,stable,0.3,1,0
2026-06-15T03:52:34.838,1614864,507,0.408666667,0.595733333,0.287466667,90,5000,198,1,196.11,0.756,147,0.991,0.02,1195,0,0,3,3 keran stabil,stable,0.3,1,1
2026-06-15T03:52:34.858,1614970,503,0.4078,0.595466667,0.2866,90,5000,198,1,196.11,0.756,147,0.991,0.02,1195,0,0,3,3 keran stabil,stable,0.3,1,0
2026-06-15T03:52:35.440,1615550,507,0.4078,0.595066667,0.2852,90,5000,198,1,196.1,0.755,147,0.992,0.02,1195,0,0,3,3 keran stabil,stable,0.3,1,0
2026-06-15T03:52:35.959,1616080,504,0.406266667,0.596733333,0.289933333,90,5000,198,1,196.1,0.755,147,0.992,0.02,1195,0,0,3,3 keran stabil,stable,0.3,1,0
2026-06-15T03:52:36.473,1616555,507,0.406533333,0.595933333,0.2882,90,5000,198,1,196.06,0.757,148,0.997,0.02,1195,0,0,3,3 keran stabil,stable,0.3,1,0
2026-06-15T03:52:36.987,1617085,512,0.408533333,0.596133333,0.288866667,90,5000,198,1,196.06,0.757,148,0.997,0.02,1195,0,0,3,3 keran stabil,stable,0.3,1,0
2026-06-15T03:52:37.564,1617666,509,0.408066667,0.593933333,0.283133333,90,5000,198,1,196.07,0.756,148,0.998,0.02,1195,0,0,3,3 keran stabil,stable,0.3,1,0
2026-06-15T03:52:38.079,1618196,508,0.411333333,0.5956,0.287866667,90,5000,198,1,196.07,0.756,148,0.998,0.02,1195,0,0,3,3 keran stabil,stable,0.3,1,0
2026-06-15T03:52:38.344,1618408,501,0.4116,0.596,0.289,90,5000,198,1,196.07,0.756,148,0.998,0.02,1195,0,0,3,3 keran stabil,stable,0.3,1,1
2026-06-15T03:52:38.582,1618670,505,0.409733333,0.595866667,0.288666667,90,5000,198,1,196.06,0.757,148,0.997,0.02,1195,0,0,3,3 keran stabil,stable,0.3,1,0
2026-06-15T03:52:39.081,1619200,514,0.410333333,0.5968,0.290933333,90,5000,198,1,196.06,0.757,148,0.997,0.02,1195,0,0,3,3 keran stabil,stable,0.3,1,0
2026-06-15T03:52:39.582,1619675,489,0.406533333,0.596666667,0.291,90,5000,198,1,196.05,0.757,148,0.997,0.02,1195,0,0,3,3 keran stabil,stable,0.3,1,0
2026-06-15T03:52:40.081,1620205,506,0.407866667,0.5966,0.290866667,90,5000,198,1,196.05,0.757,148,0.997,0.02,1195,0,0,3,3 keran stabil,stable,0.3,1,0
2026-06-15T03:52:40.580,1620680,496,0.408333333,0.596066667,0.289133333,90,5000,198,1,196.08,0.756,147,0.991,0.02,1195,0,0,3,3 keran stabil,stable,0.3,1,0
2026-06-15T03:52:41.082,1621210,498,0.4082,0.595933333,0.288066667,90,5000,198,1,196.08,0.756,147,0.991,0.02,1195,0,0,3,3 keran stabil,stable,0.3,1,0
2026-06-15T03:52:41.582,1621685,505,0.407733333,0.597133333,0.291666667,90,5000,198,1,196.04,0.756,147,0.991,0.02,1195,0,0,3,3 keran stabil,stable,0.3,1,0
2026-06-15T03:52:41.849,1621897,510,0.408066667,0.597,0.2914,90,5000,198,1,196.04,0.756,147,0.991,0.02,1195,0,0,3,3 keran stabil,stable,0.3,1,1
2026-06-15T03:52:42.083,1622215,566,0.410066667,0.6004,0.3016,90,5000,198,1,196.04,0.756,147,0.991,0.02,1195,0,0,3,3 keran stabil,stable,0.3,1,0
2026-06-15T03:52:42.584,1622689,559,0.4214,0.6174,0.352466667,90,5000,198,1,196.08,0.76,148,0.993,0.02,1195,0,0,3,3 keran stabil,stable,0.3,1,0
2026-06-15T03:52:43.088,1623219,560,0.4356,0.637466667,0.412466667,90,5000,198,1,196.08,0.76,148,0.993,0.02,1195,0,0,3,3 keran stabil,stable,0.3,1,0
2026-06-15T03:52:43.590,1623694,598,0.457266667,0.667066667,0.500933333,90,5000,198,1,195.76,0.847,165,0.995,0.02,1195,0,0,3,3 keran stabil,stable,0.3,1,0
2026-06-15T03:52:44.095,1624224,652,0.473,0.686533333,0.5594,90,5000,198,1,195.76,0.847,165,0.995,0.02,1195,0,0,3,3 keran stabil,stable,0.3,1,0
2026-06-15T03:52:44.596,1624699,594,0.480266667,0.699866667,0.599266667,90,5000,198,1,195.37,0.971,189,0.996,0.02,1195,0,0,3,3 keran stabil,stable,0.3,1,0
2026-06-15T03:52:45.096,1625229,668,0.490066667,0.7108,0.632266667,90,5000,198,1,195.37,0.971,189,0.996,0.02,1195,0,0,3,3 keran stabil,stable,0.3,1,0
2026-06-15T03:52:45.361,1625441,648,0.495666667,0.719933333,0.6596,90,5000,198,1,195.37,0.971,189,0.996,0.02,1195,0,0,3,3 keran stabil,stable,0.3,1,1
2026-06-15T03:52:45.596,1625704,653,0.502066667,0.729466667,0.688266667,87,5000,191.4,1,195.35,0.971,189,0.996,0.02,1195,0,0,3,3 keran stabil,stable,0.3,1,0
2026-06-15T03:52:46.095,1626234,676,0.514466667,0.750466667,0.751333333,87,5000,191.4,1,195.35,0.971,189,0.996,0.02,1195,0,0,0,0 keran stabil,stable,0.3,1,0
2026-06-15T03:52:46.699,1626815,640,0.525133333,0.771,0.8126,87,5000,191.4,1,188.73,1.004,189,0.997,0.02,1195,0,0,0,0 keran stabil,stable,0.3,1,0
2026-06-15T03:52:47.222,1627345,649,0.5248,0.770866667,0.812333333,87,5000,191.4,1,188.73,1.004,189,0.997,0.02,1195,0,0,0,0 keran stabil,stable,0.3,1,0
2026-06-15T03:52:47.818,1627925,656,0.525266667,0.769666667,0.808866667,87,5000,191.4,1,188.72,1.002,188,0.994,0.02,1195,0,0,0,0 keran stabil,stable,0.3,1,0
2026-06-15T03:52:48.320,1628455,664,0.527733333,0.7692,0.807666667,87,5000,191.4,1,188.72,1.002,188,0.994,0.02,1195,0,0,0,0 keran stabil,stable,0.3,1,0
2026-06-15T03:52:48.818,1628930,636,0.529866667,0.7696,0.8088,87,5000,191.4,1,188.73,1,188,0.996,0.02,1195,0,0,0,0 keran stabil,stable,0.3,1,0
2026-06-15T03:52:48.865,1628930,636,0.529866667,0.7696,0.8088,87,5000,191.4,1,188.73,1,188,0.996,0.02,1195,0,0,0,0 keran stabil,stable,0.3,1,1
2026-06-15T03:52:49.347,1629460,648,0.5292,0.7698,0.8098,84,5000,184.8,1,188.73,1,188,0.996,0.02,1195,0,0,0,0 keran stabil,stable,0.3,1,0
2026-06-15T03:52:49.913,1630041,650,0.527133333,0.7682,0.804933333,84,5000,184.8,1,186.45,0.989,183,0.992,0.02,1195,0,0,0,0 keran stabil,stable,0.3,1,0
2026-06-15T03:52:50.481,1630621,660,0.524933333,0.765666667,0.797133333,84,5000,184.8,1,182.42,0.977,177,0.993,0.02,1195,0,0,0,0 keran stabil,stable,0.3,1,0
2026-06-15T03:52:50.985,1631151,657,0.523266667,0.764466667,0.793133333,84,5000,184.8,1,182.42,0.977,177,0.993,0.02,1195,0,0,0,0 keran stabil,stable,0.3,1,0
2026-06-15T03:52:51.485,1631626,662,0.522933333,0.764466667,0.792866667,84,5000,184.8,1,182.38,0.976,177,0.994,0.02,1195,0,0,0,0 keran stabil,stable,0.3,1,0
2026-06-15T03:52:52.015,1632156,655,0.520266667,0.765866667,0.797133333,84,5000,184.8,1,182.38,0.976,177,0.994,0.02,1195,0,0,0,0 keran stabil,stable,0.3,1,0
2026-06-15T03:52:52.378,1632474,647,0.520666667,0.765466667,0.795933333,84,5000,184.8,1,182.38,0.976,177,0.994,0.02,1195,0,0,0,0 keran stabil,stable,0.3,1,1
2026-06-15T03:52:52.565,1632737,648,0.520866667,0.765533333,0.796,81,5000,178.2,1,182.47,0.975,177,0.994,0.02,1195,0,0,0,0 keran stabil,stable,0.3,1,0
2026-06-15T03:52:53.101,1633267,642,0.5178,0.7634,0.790333333,81,5000,178.2,1,182.47,0.975,177,0.994,0.02,1195,0,0,0,0 keran stabil,stable,0.3,1,0
2026-06-15T03:52:53.604,1633741,636,0.5178,0.760066667,0.780333333,81,5000,178.2,1,176.48,0.952,167,0.993,0.02,1195,0,0,0,0 keran stabil,stable,0.3,1,0
2026-06-15T03:52:54.108,1634271,628,0.5168,0.759533333,0.7788,81,5000,178.2,1,176.48,0.952,167,0.993,0.02,1195,0,0,0,0 keran stabil,stable,0.3,1,0
2026-06-15T03:52:54.612,1634746,631,0.519533333,0.759733333,0.779066667,81,5000,178.2,1,176.23,0.951,166,0.99,0.02,1195,0,0,0,0 keran stabil,stable,0.3,1,0
2026-06-15T03:52:55.112,1635276,636,0.518666667,0.7596,0.778666667,81,5000,178.2,1,176.23,0.951,166,0.99,0.02,1195,0,0,0,0 keran stabil,stable,0.3,1,0
2026-06-15T03:52:55.615,1635751,650,0.519866667,0.760666667,0.7816,81,5000,178.2,1,176.21,0.95,166,0.991,0.02,1195,0,0,0,0 keran stabil,stable,0.3,1,0
2026-06-15T03:52:55.881,1635963,635,0.519,0.760666667,0.781733333,81,5000,178.2,1,176.21,0.95,166,0.991,0.02,1195,0,0,0,0 keran stabil,stable,0.3,1,1
2026-06-15T03:52:56.115,1636281,660,0.518133333,0.761266667,0.783733333,78,5000,171.6,1,176.21,0.95,166,0.991,0.02,1195,0,0,0,0 keran stabil,stable,0.3,1,0
2026-06-15T03:52:56.614,1636755,638,0.518866667,0.762466667,0.787266667,78,5000,171.6,1,173.57,0.937,161,0.989,0.02,1195,0,0,0,0 keran stabil,stable,0.3,1,0
2026-06-15T03:52:57.114,1637285,635,0.518266667,0.760733333,0.782066667,78,5000,171.6,1,173.57,0.937,161,0.989,0.02,1195,0,0,0,0 keran stabil,stable,0.3,1,0
2026-06-15T03:52:57.613,1637760,630,0.517866667,0.759733333,0.778933333,78,5000,171.6,1,170.04,0.924,155,0.986,0.02,1195,0,0,0,0 keran stabil,stable,0.3,1,0
2026-06-15T03:52:58.114,1638290,673,0.516333333,0.757066667,0.7712,78,5000,171.6,1,170.04,0.924,155,0.986,0.02,1195,0,0,0,0 keran stabil,stable,0.3,1,0
2026-06-15T03:52:58.617,1638764,657,0.516466667,0.759666667,0.779,78,5000,171.6,1,170.05,0.924,155,0.986,0.02,1195,0,0,0,0 keran stabil,stable,0.3,1,0
2026-06-15T03:52:59.118,1639294,638,0.519133333,0.759066667,0.777133333,78,5000,171.6,1,170.05,0.924,155,0.986,0.02,1195,0,0,0,0 keran stabil,stable,0.3,1,0
2026-06-15T03:52:59.384,1639506,636,0.519466667,0.758533333,0.775733333,78,5000,171.6,1,170.05,0.924,155,0.986,0.02,1195,0,0,0,0 keran stabil,stable,0.3,1,1
2026-06-15T03:52:59.617,1639769,636,0.517933333,0.757666667,0.772866667,75,5000,165,1,170.03,0.923,155,0.987,0.02,1195,0,0,0,0 keran stabil,stable,0.3,1,0
2026-06-15T03:53:00.115,1640299,557,0.501733333,0.744466667,0.737933333,75,5000,165,1,170.03,0.923,155,0.987,0.02,1195,0,0,0,0 keran stabil,stable,0.3,1,0
2026-06-15T03:53:00.615,1640774,605,0.496333333,0.737333333,0.7192,75,5000,165,1,164.13,0.895,145,0.987,0.02,1195,0,0,0,0 keran stabil,stable,0.3,1,0
2026-06-15T03:53:01.114,1641304,568,0.493066667,0.734333333,0.7156,75,5000,165,1,164.13,0.895,145,0.987,0.02,1195,0,0,0,0 keran stabil,stable,0.3,1,0
2026-06-15T03:53:01.613,1641778,603,0.477066667,0.7278,0.698466667,75,5000,165,1,163.9,0.894,145,0.989,0.02,1195,0,0,0,0 keran stabil,stable,0.3,1,0
2026-06-15T03:53:02.113,1642308,572,0.486933333,0.7288,0.699733333,75,5000,165,1,163.9,0.894,145,0.989,0.02,1195,0,0,0,0 keran stabil,stable,0.3,1,0
2026-06-15T03:53:02.616,1642783,537,0.480066667,0.7222,0.6782,75,5000,165,1,163.99,0.894,145,0.989,0.02,1195,0,0,0,0 keran stabil,stable,0.3,1,0
2026-06-15T03:53:02.899,1642995,648,0.485466667,0.719066667,0.6692,75,5000,165,1,163.99,0.894,145,0.989,0.02,1195,0,0,0,0 keran stabil,stable,0.3,1,1
2026-06-15T03:53:03.118,1643313,635,0.5004,0.719866667,0.6712,72,5000,158.4,1,163.99,0.894,145,0.989,0.02,1195,0,0,0,0 keran stabil,stable,0.3,1,0
2026-06-15T03:53:03.621,1643788,630,0.4986,0.7294,0.695666667,72,5000,158.4,1,163.9,0.893,144,0.983,0.02,1195,0,0,0,0 keran stabil,stable,0.3,1,0
2026-06-15T03:53:04.123,1644318,639,0.4912,0.731733333,0.700533333,72,5000,158.4,1,163.9,0.893,144,0.983,0.02,1195,0,0,0,0 keran stabil,stable,0.3,1,0
2026-06-15T03:53:04.626,1644792,632,0.505266667,0.742333333,0.728133333,72,5000,158.4,1,157.84,0.864,134,0.982,0.02,1195,0,0,0,0 keran stabil,stable,0.3,1,0
2026-06-15T03:53:05.127,1645322,631,0.5052,0.743533333,0.7308,72,5000,158.4,1,157.84,0.864,134,0.982,0.02,1195,0,0,0,0 keran stabil,stable,0.3,1,0
2026-06-15T03:53:05.694,1645903,627,0.510266667,0.744733333,0.7346,72,5000,158.4,1,157.82,0.864,134,0.982,0.02,1195,0,0,0,0 keran stabil,stable,0.3,1,0
2026-06-15T03:53:06.258,1646433,639,0.509066667,0.745666667,0.737533333,72,5000,158.4,1,157.82,0.864,134,0.982,0.02,1195,0,0,0,0 keran stabil,stable,0.3,1,0
2026-06-15T03:53:06.400,1646539,630,0.509266667,0.745533333,0.7372,72,5000,158.4,1,157.82,0.864,134,0.982,0.02,1195,0,0,0,0 keran stabil,stable,0.3,1,1
2026-06-15T03:53:06.823,1647014,627,0.509066667,0.7452,0.7364,69,5000,151.8,1,157.78,0.863,134,0.984,0.02,1195,0,0,0,0 keran stabil,stable,0.3,1,0
2026-06-15T03:53:07.321,1647544,660,0.509466667,0.743133333,0.73,69,5000,151.8,1,157.78,0.863,134,0.984,0.02,1195,0,0,0,0 keran stabil,stable,0.3,1,0
2026-06-15T03:53:07.817,1648018,618,0.508,0.742066667,0.7262,69,5000,151.8,1,151.88,0.833,124,0.98,0.02,1195,0,0,0,0 keran stabil,stable,0.3,1,0
2026-06-15T03:53:08.318,1648548,623,0.506266667,0.739733333,0.7192,69,5000,151.8,1,151.88,0.833,124,0.98,0.02,1195,0,0,0,0 keran stabil,stable,0.3,1,0
2026-06-15T03:53:08.822,1649023,608,0.504066667,0.739133333,0.717466667,69,5000,151.8,1,151.75,0.833,124,0.98,0.02,1195,0,0,0,0 keran stabil,stable,0.3,1,0
2026-06-15T03:53:09.324,1649553,626,0.502133333,0.738333333,0.7152,69,5000,151.8,1,151.75,0.833,124,0.98,0.02,1195,0,0,0,0 keran stabil,stable,0.3,1,0
2026-06-15T03:53:09.828,1650028,654,0.503666667,0.739066667,0.717333333,69,5000,151.8,1,151.77,0.832,124,0.982,0.02,1195,0,0,0,0 keran stabil,stable,0.3,1,0
2026-06-15T03:53:09.905,1650134,663,0.506066667,0.739666667,0.718933333,69,5000,151.8,1,151.77,0.832,124,0.982,0.02,1195,0,0,0,0 keran stabil,stable,0.3,1,1
2026-06-15T03:53:10.331,1650558,619,0.5058,0.739666667,0.718333333,66,5000,145.2,1,151.77,0.832,124,0.982,0.02,1195,0,0,0,0 keran stabil,stable,0.3,1,0
2026-06-15T03:53:10.832,1651032,637,0.505533333,0.739666667,0.718866667,66,5000,145.2,1,151.69,0.831,124,0.983,0.02,1195,0,0,0,0 keran stabil,stable,0.3,1,0
2026-06-15T03:53:11.334,1651562,627,0.505533333,0.739333333,0.718133333,66,5000,145.2,1,151.69,0.831,124,0.983,0.02,1195,0,0,0,0 keran stabil,stable,0.3,1,0
2026-06-15T03:53:11.836,1652037,624,0.5024,0.737666667,0.713466667,66,5000,145.2,1,145.72,0.8,114,0.977,0.02,1195,0,0,0,0 keran stabil,stable,0.3,1,0
2026-06-15T03:53:12.335,1652567,621,0.5052,0.738333333,0.715666667,66,5000,145.2,1,145.72,0.8,114,0.977,0.02,1195,0,0,0,0 keran stabil,stable,0.3,1,0
2026-06-15T03:53:12.837,1653042,623,0.503733333,0.738333333,0.715333333,66,5000,145.2,1,145.74,0.8,114,0.977,0.02,1195,0,0,0,0 keran stabil,stable,0.3,1,0
2026-06-15T03:53:13.338,1653572,612,0.5024,0.738733333,0.716133333,66,5000,145.2,1,145.74,0.8,114,0.977,0.02,1195,0,0,0,0 keran stabil,stable,0.3,1,0
2026-06-15T03:53:13.416,1653572,612,0.5024,0.738733333,0.716133333,66,5000,145.2,1,145.74,0.8,114,0.977,0.02,1195,0,0,0,0 keran stabil,stable,0.3,1,1
2026-06-15T03:53:13.839,1654046,556,0.4974,0.737066667,0.711133333,65,5000,143,1,145.72,0.8,114,0.977,0.02,1195,0,0,0,0 keran stabil,stable,0.3,1,0
2026-06-15T03:53:14.341,1654576,610,0.498133333,0.736,0.7078,65,5000,143,1,145.72,0.8,114,0.977,0.02,1195,0,0,0,0 keran stabil,stable,0.3,1,0
2026-06-15T03:53:14.845,1655051,620,0.498,0.734733333,0.704266667,65,5000,143,1,143.71,0.788,110,0.971,0.02,1195,0,0,0,0 keran stabil,stable,0.3,1,0
2026-06-15T03:53:15.345,1655581,630,0.5006,0.735133333,0.705533333,65,5000,143,1,143.71,0.788,110,0.971,0.02,1195,0,0,0,0 keran stabil,stable,0.3,1,0
2026-06-15T03:53:15.923,1656162,624,0.503333333,0.735866667,0.707533333,65,5000,143,1,143.71,0.789,110,0.97,0.02,1195,0,0,0,0 keran stabil,stable,0.3,1,0
2026-06-15T03:53:16.483,1656742,621,0.502933333,0.735133333,0.705733333,65,5000,143,1,143.71,0.788,110,0.971,0.02,1195,0,0,0,0 keran stabil,stable,0.3,1,0
2026-06-15T03:53:16.923,1657060,604,0.501066667,0.734466667,0.7036,65,5000,143,1,143.71,0.788,110,0.971,0.02,1195,0,0,0,0 keran stabil,stable,0.3,1,1
2026-06-15T03:53:17.017,1657272,621,0.5004,0.734,0.7024,65,5000,143,1,143.71,0.788,110,0.971,0.02,1195,0,0,0,0 keran stabil,stable,0.3,1,0
2026-06-15T03:53:17.517,1657747,623,0.500066667,0.733266667,0.700133333,65,5000,143,1,143.71,0.787,110,0.972,0.02,1195,0,0,0,0 keran stabil,stable,0.3,1,0
2026-06-15T03:53:18.019,1658277,626,0.4996,0.733066667,0.6994,65,5000,143,1,143.71,0.787,110,0.972,0.02,1195,0,0,0,0 keran stabil,stable,0.3,1,0
2026-06-15T03:53:18.520,1658752,615,0.499533333,0.732866667,0.698666667,65,5000,143,1,143.73,0.788,110,0.971,0.02,1195,0,0,0,0 keran stabil,stable,0.3,1,0
2026-06-15T03:53:19.023,1659282,547,0.494066667,0.730333333,0.690666667,65,5000,143,1,143.73,0.788,110,0.971,0.02,1195,0,0,0,0 keran stabil,stable,0.3,1,0
2026-06-15T03:53:19.607,1659862,439,0.443733333,0.663266667,0.4926,65,5000,143,1,143.71,0.787,110,0.972,0.02,1195,0,0,0,0 keran stabil,stable,0.3,1,0
2026-06-15T03:53:20.115,1660387,434,0.393666667,0.5904,0.276133333,65,5000,143,1,143.71,0.787,110,0.972,0.02,1195,0,0,0,0 keran stabil,stable,0.3,1,0
2026-06-15T03:53:20.425,1660702,432,0.363933333,0.546666667,0.145666667,65,5000,143,1,143.71,0.787,110,0.972,0.02,1195,0,0,0,0 keran stabil,stable,0.3,1,1
2026-06-15T03:53:20.676,1660909,429,0.3476,0.520133333,0.066333333,68,5000,149.6,1,143.76,0.776,109,0.977,0.02,1195,0,0,0,0 keran stabil,stable,0.3,1,0
2026-06-15T03:53:21.169,1661434,446,0.352866667,0.518666667,0.0588,68,5000,149.6,1,143.76,0.776,109,0.977,0.02,1195,0,0,0,0 keran stabil,stable,0.3,1,0
2026-06-15T03:53:21.727,1661997,433,0.356666667,0.525466667,0.077133333,68,5000,149.6,1,149.68,0.805,118,0.979,0.02,1195,0,0,0,0 keran stabil,stable,0.3,1,0
2026-06-15T03:53:22.282,1662522,423,0.359133333,0.528533333,0.0878,68,5000,149.6,1,149.68,0.805,118,0.979,0.02,1195,0,0,0,0 keran stabil,stable,0.3,1,0
2026-06-15T03:53:22.848,1663107,440,0.358533333,0.524666667,0.077466667,68,5000,149.6,1,149.82,0.804,118,0.979,0.02,1195,0,0,0,0 keran stabil,stable,0.3,1,0
2026-06-15T03:53:23.349,1663632,463,0.358666667,0.522466667,0.071266667,68,5000,149.6,1,149.82,0.804,118,0.979,0.02,1195,0,0,0,0 keran stabil,stable,0.3,1,0
2026-06-15T03:53:23.848,1664112,449,0.3582,0.522533333,0.069466667,68,5000,149.6,1,149.86,0.777,114,0.979,0.02,1195,0,0,0,0 keran stabil,stable,0.3,1,0
2026-06-15T03:53:23.926,1664112,449,0.3582,0.522533333,0.069466667,68,5000,149.6,1,149.86,0.777,114,0.979,0.02,1195,0,0,0,0 keran stabil,stable,0.3,1,1
2026-06-15T03:53:24.346,1664640,465,0.362666667,0.5292,0.088666667,71,5000,156.2,1,149.86,0.777,114,0.979,0.02,1195,0,0,0,0 keran stabil,stable,0.3,1,0
2026-06-15T03:53:24.847,1665118,457,0.364933333,0.5328,0.098533333,71,5000,156.2,1,150.11,0.764,118,1,0.02,1195,0,0,0,0 keran stabil,stable,0.3,1,0
2026-06-15T03:53:25.393,1665648,458,0.368066667,0.537866667,0.113666667,71,5000,156.2,1,150.11,0.764,118,1,0.02,1195,0,0,2,2 keran stabil,stable,0.3,1,0
2026-06-15T03:53:25.971,1666229,462,0.369133333,0.539933333,0.119933333,71,5000,156.2,1,155.97,0.784,120,0.981,0.02,1195,0,0,2,2 keran stabil,stable,0.3,1,0
2026-06-15T03:53:26.524,1666810,452,0.3684,0.540533333,0.121533333,71,5000,156.2,1,155.97,0.784,120,0.981,0.02,1195,0,0,2,2 keran stabil,stable,0.3,1,0
2026-06-15T03:53:27.087,1667340,456,0.3684,0.540466667,0.121533333,71,5000,156.2,1,155.97,0.784,120,0.981,0.02,1195,0,0,2,2 keran stabil,stable,0.3,1,0
2026-06-15T03:53:27.433,1667658,453,0.367666667,0.540666667,0.122466667,71,5000,156.2,1,155.97,0.784,120,0.981,0.02,1195,0,0,2,2 keran stabil,stable,0.3,1,1
2026-06-15T03:53:27.652,1667920,471,0.369466667,0.5408,0.122733333,74,5000,162.8,1,155.96,0.782,120,0.983,0.02,1195,0,0,2,2 keran stabil,stable,0.3,1,0
2026-06-15T03:53:28.153,1668450,468,0.3754,0.544666667,0.1342,74,5000,162.8,1,155.96,0.782,120,0.983,0.02,1195,0,0,2,2 keran stabil,stable,0.3,1,0
2026-06-15T03:53:28.654,1668925,487,0.378266667,0.549466667,0.148466667,74,5000,162.8,1,162.08,0.796,127,0.984,0.02,1195,0,0,2,2 keran stabil,stable,0.3,1,0
2026-06-15T03:53:29.152,1669455,460,0.384066667,0.5548,0.164533333,74,5000,162.8,1,162.08,0.796,127,0.984,0.02,1195,0,0,2,2 keran stabil,stable,0.3,1,0
2026-06-15T03:53:29.760,1670036,465,0.3778,0.5544,0.164066667,74,5000,162.8,1,162.13,0.793,127,0.987,0.02,1195,0,0,2,2 keran stabil,stable,0.3,1,0
2026-06-15T03:53:30.261,1670566,454,0.3764,0.552933333,0.160533333,74,5000,162.8,1,162.13,0.793,127,0.987,0.02,1195,0,0,2,2 keran stabil,stable,0.3,1,0
2026-06-15T03:53:30.763,1671041,470,0.3752,0.552066667,0.158133333,74,5000,162.8,1,162.12,0.792,126,0.981,0.02,1195,0,0,2,2 keran stabil,stable,0.3,1,0
2026-06-15T03:53:30.936,1671147,454,0.374866667,0.552333333,0.159,74,5000,162.8,1,162.12,0.792,126,0.981,0.02,1195,0,0,2,2 keran stabil,stable,0.3,1,1
2026-06-15T03:53:31.263,1671571,499,0.381,0.557533333,0.1738,77,5000,169.4,1,162.12,0.792,126,0.981,0.02,1195,0,0,2,2 keran stabil,stable,0.3,1,0
2026-06-15T03:53:31.764,1672045,545,0.390666667,0.565533333,0.197666667,77,5000,169.4,1,162.33,0.793,127,0.986,0.02,1195,0,0,2,2 keran stabil,stable,0.3,1,0
2026-06-15T03:53:32.268,1672575,492,0.391533333,0.5738,0.221866667,77,5000,169.4,1,162.33,0.793,127,0.986,0.02,1195,0,0,2,2 keran stabil,stable,0.3,1,0
2026-06-15T03:53:32.770,1673050,490,0.397066667,0.578733333,0.236933333,77,5000,169.4,1,168.27,0.799,133,0.989,0.02,1195,0,0,2,2 keran stabil,stable,0.3,1,0
2026-06-15T03:53:33.268,1673580,490,0.395666667,0.579066667,0.238866667,77,5000,169.4,1,168.27,0.799,133,0.989,0.02,1195,0,0,2,2 keran stabil,stable,0.3,1,0
2026-06-15T03:53:33.767,1674054,494,0.394466667,0.58,0.241733333,77,5000,169.4,1,168.26,0.799,133,0.989,0.02,1195,0,0,2,2 keran stabil,stable,0.3,1,0
2026-06-15T03:53:34.270,1674584,502,0.395733333,0.582933333,0.2494,77,5000,169.4,1,168.26,0.799,133,0.989,0.02,1195,0,0,2,2 keran stabil,stable,0.3,1,0
2026-06-15T03:53:34.443,1674690,488,0.3956,0.583533333,0.251133333,77,5000,169.4,1,168.26,0.799,133,0.989,0.02,1195,0,0,2,2 keran stabil,stable,0.3,1,1
2026-06-15T03:53:34.879,1675165,497,0.398266667,0.584666667,0.254333333,78,5000,171.6,1,168.3,0.798,133,0.99,0.02,1195,0,0,2,2 keran stabil,stable,0.3,1,0
2026-06-15T03:53:35.379,1675695,495,0.399666667,0.5844,0.253066667,78,5000,171.6,1,168.3,0.798,133,0.99,0.02,1195,0,0,2,2 keran stabil,stable,0.3,1,0
2026-06-15T03:53:35.880,1676170,495,0.402866667,0.5852,0.2556,78,5000,171.6,1,170.31,0.801,135,0.989,0.02,1195,0,0,2,2 keran stabil,stable,0.3,1,0
2026-06-15T03:53:36.382,1676700,493,0.400666667,0.584933333,0.255,78,5000,171.6,1,170.31,0.801,135,0.989,0.02,1195,0,0,2,2 keran stabil,stable,0.3,1,0
2026-06-15T03:53:36.886,1677174,500,0.393733333,0.584333333,0.255133333,78,5000,171.6,1,170.36,0.799,134,0.984,0.02,1195,0,0,2,2 keran stabil,stable,0.3,1,0
2026-06-15T03:53:37.383,1677704,490,0.392866667,0.584666667,0.256466667,78,5000,171.6,1,170.36,0.799,134,0.984,0.02,1195,0,0,2,2 keran stabil,stable,0.3,1,0
2026-06-15T03:53:37.882,1678179,498,0.3928,0.584733333,0.2566,78,5000,171.6,1,170.35,0.8,135,0.99,0.02,1195,0,0,2,2 keran stabil,stable,0.3,1,0
2026-06-15T03:53:37.946,1678285,509,0.393733333,0.584933333,0.257066667,78,5000,171.6,1,170.35,0.8,135,0.99,0.02,1195,0,0,2,2 keran stabil,stable,0.3,1,1
2026-06-15T03:53:38.382,1678709,504,0.4014,0.586266667,0.2602,79,5000,173.8,1,170.35,0.8,135,0.99,0.02,1195,0,0,2,2 keran stabil,stable,0.3,1,0
2026-06-15T03:53:38.883,1679184,502,0.402133333,0.587133333,0.262666667,79,5000,173.8,1,170.49,0.8,135,0.989,0.02,1195,0,0,2,2 keran stabil,stable,0.3,1,0
2026-06-15T03:53:39.382,1679714,507,0.405533333,0.589733333,0.270066667,79,5000,173.8,1,170.49,0.8,135,0.989,0.02,1195,0,0,2,2 keran stabil,stable,0.3,1,0
2026-06-15T03:53:39.881,1680188,511,0.406133333,0.591733333,0.2764,79,5000,173.8,1,172.45,0.8,136,0.985,0.02,1195,0,0,2,2 keran stabil,stable,0.3,1,0
2026-06-15T03:53:40.383,1680718,510,0.4088,0.592733333,0.278333333,79,5000,173.8,1,172.45,0.8,136,0.985,0.02,1195,0,0,2,2 keran stabil,stable,0.3,1,0
2026-06-15T03:53:40.885,1681193,487,0.407133333,0.592866667,0.278933333,79,5000,173.8,1,172.5,0.801,136,0.984,0.02,1195,0,0,2,2 keran stabil,stable,0.3,1,0
2026-06-15T03:53:41.387,1681723,494,0.404933333,0.591866667,0.276466667,79,5000,173.8,1,172.5,0.801,136,0.984,0.02,1195,0,0,2,2 keran stabil,stable,0.3,1,0
2026-06-15T03:53:41.449,1681723,494,0.404933333,0.591866667,0.276466667,79,5000,173.8,1,172.5,0.801,136,0.984,0.02,1195,0,0,2,2 keran stabil,stable,0.3,1,1
2026-06-15T03:53:41.888,1682198,496,0.404066667,0.594133333,0.2828,80,5000,176,1,172.41,0.801,136,0.984,0.02,1195,0,0,2,2 keran stabil,stable,0.3,1,0
2026-06-15T03:53:42.390,1682728,503,0.404,0.5954,0.287,80,5000,176,1,172.41,0.801,136,0.984,0.02,1195,0,0,2,2 keran stabil,stable,0.3,1,0
2026-06-15T03:53:42.891,1683203,538,0.406666667,0.596333333,0.289666667,80,5000,176,1,174.01,0.804,138,0.986,0.02,1195,0,0,2,2 keran stabil,stable,0.3,1,0
2026-06-15T03:53:43.394,1683733,502,0.406266667,0.597733333,0.294266667,80,5000,176,1,174.01,0.804,138,0.986,0.02,1195,0,0,2,2 keran stabil,stable,0.3,1,0
2026-06-15T03:53:43.891,1684212,491,0.405666667,0.5974,0.293133333,80,5000,176,1,174.54,0.802,138,0.985,0.02,1195,0,0,2,2 keran stabil,stable,0.3,1,0
2026-06-15T03:53:44.392,1684742,501,0.406866667,0.5966,0.290533333,80,5000,176,1,174.54,0.802,138,0.985,0.02,1195,0,0,2,2 keran stabil,stable,0.3,1,0
2026-06-15T03:53:44.893,1685222,512,0.406733333,0.597066667,0.2914,80,5000,176,1,174.55,0.803,139,0.991,0.02,1195,0,0,2,2 keran stabil,stable,0.3,1,0
2026-06-15T03:53:44.956,1685222,512,0.406733333,0.597066667,0.2914,80,5000,176,1,174.55,0.803,139,0.991,0.02,1195,0,0,2,2 keran stabil,stable,0.3,1,1
2026-06-15T03:53:45.396,1685752,490,0.406,0.5962,0.2886,80,5000,176,1,174.55,0.803,139,0.991,0.02,1195,0,0,2,2 keran stabil,stable,0.3,1,0
2026-06-15T03:53:45.899,1686227,510,0.406266667,0.597533333,0.291733333,80,5000,176,1,174.53,0.803,139,0.991,0.02,1195,0,0,2,2 keran stabil,stable,0.3,1,0
2026-06-15T03:53:46.399,1686757,518,0.406666667,0.5972,0.291533333,80,5000,176,1,174.53,0.803,139,0.991,0.02,1195,0,0,2,2 keran stabil,stable,0.3,1,0
2026-06-15T03:53:46.904,1687232,500,0.405866667,0.596733333,0.290333333,80,5000,176,1,174.49,0.803,139,0.992,0.02,1195,0,0,2,2 keran stabil,stable,0.3,1,0
2026-06-15T03:53:47.408,1687762,518,0.4072,0.596866667,0.290733333,80,5000,176,1,174.49,0.803,139,0.992,0.02,1195,0,0,2,2 keran stabil,stable,0.3,1,0
2026-06-15T03:53:47.910,1688236,504,0.407666667,0.597,0.2918,80,5000,176,1,174.51,0.803,139,0.991,0.02,1195,0,0,2,2 keran stabil,stable,0.3,1,0
2026-06-15T03:53:48.412,1688766,498,0.407933333,0.596666667,0.290733333,80,5000,176,1,174.51,0.803,139,0.991,0.02,1195,0,0,2,2 keran stabil,stable,0.3,1,0
2026-06-15T03:53:48.459,1688766,498,0.407933333,0.596666667,0.290733333,80,5000,176,1,174.51,0.803,139,0.991,0.02,1195,0,0,2,2 keran stabil,stable,0.3,1,1
2026-06-15T03:53:48.913,1689241,509,0.408133333,0.5962,0.289,80,5000,176,1,174.54,0.804,139,0.99,0.02,1195,0,0,2,2 keran stabil,stable,0.3,1,0
2026-06-15T03:53:49.415,1689771,509,0.408066667,0.5964,0.2896,80,5000,176,1,174.54,0.804,139,0.99,0.02,1195,0,0,2,2 keran stabil,stable,0.3,1,0
2026-06-15T03:53:49.913,1690246,514,0.408533333,0.595466667,0.286733333,80,5000,176,1,174.52,0.803,139,0.991,0.02,1195,0,0,2,2 keran stabil,stable,0.3,1,0
2026-06-15T03:53:50.410,1690776,502,0.4072,0.595933333,0.2882,80,5000,176,1,174.52,0.803,139,0.991,0.02,1195,0,0,2,2 keran stabil,stable,0.3,1,0
2026-06-15T03:53:50.914,1691250,505,0.404666667,0.594866667,0.284866667,80,5000,176,1,174.53,0.804,139,0.99,0.02,1195,0,0,2,2 keran stabil,stable,0.3,1,0
2026-06-15T03:53:51.435,1691780,507,0.407066667,0.595733333,0.287133333,80,5000,176,1,174.53,0.804,139,0.99,0.02,1195,0,0,2,2 keran stabil,stable,0.3,1,0
2026-06-15T03:53:51.965,1692255,521,0.4078,0.595666667,0.287066667,80,5000,176,1,174.48,0.804,139,0.99,0.02,1195,0,0,2,2 keran stabil,stable,0.3,1,1
2026-06-15T03:53:51.993,1692361,506,0.408533333,0.5966,0.2898,80,5000,176,1,174.48,0.804,139,0.99,0.02,1195,0,0,2,2 keran stabil,stable,0.3,1,0
2026-06-15T03:53:52.563,1692942,508,0.408866667,0.597066667,0.290933333,80,5000,176,1,174.49,0.803,139,0.992,0.02,1195,0,0,2,2 keran stabil,stable,0.3,1,0
2026-06-15T03:53:53.074,1693472,509,0.408066667,0.595133333,0.2854,80,5000,176,1,174.49,0.803,139,0.992,0.02,1195,0,0,2,2 keran stabil,stable,0.3,1,0
2026-06-15T03:53:53.582,1693947,479,0.4024,0.593933333,0.2818,80,5000,176,1,174.48,0.803,139,0.992,0.02,1195,0,0,2,2 keran stabil,stable,0.3,1,0
2026-06-15T03:53:54.121,1694477,497,0.403266667,0.595133333,0.285733333,80,5000,176,1,174.48,0.803,139,0.992,0.02,1195,0,0,2,2 keran stabil,stable,0.3,1,0
2026-06-15T03:53:54.689,1695057,497,0.4036,0.596533333,0.290133333,80,5000,176,1,174.52,0.802,138,0.985,0.02,1195,0,0,2,2 keran stabil,stable,0.3,1,0
2026-06-15T03:53:55.192,1695587,505,0.409,0.598733333,0.2966,80,5000,176,1,174.52,0.802,138,0.985,0.02,1195,0,0,2,2 keran stabil,stable,0.3,1,0
2026-06-15T03:53:55.471,1695799,495,0.4084,0.599,0.297333333,80,5000,176,1,174.52,0.802,138,0.985,0.02,1195,0,0,2,2 keran stabil,stable,0.3,1,1
2026-06-15T03:53:55.689,1696062,499,0.407666667,0.5982,0.294933333,80,5000,176,1,174.53,0.802,138,0.985,0.02,1195,0,0,2,2 keran stabil,stable,0.3,1,0
2026-06-15T03:53:56.195,1696592,520,0.408333333,0.597466667,0.293466667,80,5000,176,1,174.53,0.802,138,0.985,0.02,1195,0,0,2,2 keran stabil,stable,0.3,1,0
2026-06-15T03:53:56.695,1697067,503,0.407733333,0.596333333,0.289733333,80,5000,176,1,174.53,0.803,139,0.991,0.02,1195,0,0,2,2 keran stabil,stable,0.3,1,0
2026-06-15T03:53:57.194,1697597,512,0.409533333,0.596866667,0.2914,80,5000,176,1,174.53,0.803,139,0.991,0.02,1195,0,0,2,2 keran stabil,stable,0.3,1,0
2026-06-15T03:53:57.695,1698071,501,0.4102,0.597066667,0.291333333,80,5000,176,1,174.49,0.802,138,0.986,0.02,1195,0,0,2,2 keran stabil,stable,0.3,1,0
2026-06-15T03:53:58.193,1698601,460,0.406933333,0.597066667,0.290933333,80,5000,176,1,174.49,0.802,138,0.986,0.02,1195,0,0,2,2 keran stabil,stable,0.3,1,0
2026-06-15T03:53:58.695,1699076,508,0.406333333,0.593866667,0.2816,80,5000,176,1,174.55,0.802,138,0.985,0.02,1195,0,0,2,2 keran stabil,stable,0.3,1,0
2026-06-15T03:53:58.976,1699288,500,0.4058,0.593666667,0.281133333,80,5000,176,1,174.55,0.802,138,0.985,0.02,1195,0,0,2,2 keran stabil,stable,0.3,1,1
2026-06-15T03:53:59.195,1699606,504,0.403133333,0.593933333,0.282,80,5000,176,1,174.55,0.802,138,0.985,0.02,1195,0,0,2,2 keran stabil,stable,0.3,1,0
2026-06-15T03:53:59.700,1700081,503,0.403466667,0.593733333,0.282266667,80,5000,176,1,174.56,0.803,139,0.991,0.02,1195,0,0,2,2 keran stabil,stable,0.3,1,0
2026-06-15T03:54:00.202,1700611,509,0.406666667,0.596933333,0.292,80,5000,176,1,174.56,0.803,139,0.991,0.02,1195,0,0,2,2 keran stabil,stable,0.3,1,0
2026-06-15T03:54:00.706,1701085,502,0.408066667,0.598933333,0.298133333,80,5000,176,1,174.56,0.803,139,0.991,0.02,1195,0,0,2,2 keran stabil,stable,0.3,1,0
2026-06-15T03:54:01.209,1701615,507,0.4104,0.5996,0.299666667,80,5000,176,1,174.56,0.803,139,0.991,0.02,1195,0,0,2,2 keran stabil,stable,0.3,1,0
2026-06-15T03:54:01.711,1702090,511,0.4106,0.599133333,0.298133333,80,5000,176,1,174.5,0.804,139,0.99,0.02,1195,0,0,2,2 keran stabil,stable,0.3,1,0
2026-06-15T03:54:02.211,1702620,502,0.409266667,0.594,0.2832,80,5000,176,1,174.5,0.804,139,0.99,0.02,1195,0,0,2,2 keran stabil,stable,0.3,1,0
2026-06-15T03:54:02.476,1702832,457,0.4062,0.592866667,0.279666667,80,5000,176,1,174.5,0.804,139,0.99,0.02,1195,0,0,2,2 keran stabil,stable,0.3,1,1
2026-06-15T03:54:02.713,1703095,509,0.405133333,0.5924,0.278266667,81,5000,178.2,1,174.53,0.804,139,0.99,0.02,1195,0,0,2,2 keran stabil,stable,0.3,1,0
2026-06-15T03:54:03.218,1703625,519,0.406133333,0.5934,0.281,81,5000,178.2,1,174.53,0.804,139,0.99,0.02,1195,0,0,2,2 keran stabil,stable,0.3,1,0
2026-06-15T03:54:03.717,1704100,508,0.406866667,0.597666667,0.2932,81,5000,178.2,1,176.63,0.804,141,0.992,0.02,1195,0,0,2,2 keran stabil,stable,0.3,1,0
2026-06-15T03:54:04.219,1704630,519,0.411333333,0.600733333,0.3024,81,5000,178.2,1,176.63,0.804,141,0.992,0.02,1195,0,0,2,2 keran stabil,stable,0.3,1,0
2026-06-15T03:54:04.720,1705104,507,0.4104,0.600466667,0.301533333,81,5000,178.2,1,176.65,0.805,141,0.991,0.02,1195,0,0,2,2 keran stabil,stable,0.3,1,0
2026-06-15T03:54:05.221,1705634,512,0.4102,0.599933333,0.300066667,81,5000,178.2,1,176.65,0.805,141,0.991,0.02,1195,0,0,2,2 keran stabil,stable,0.3,1,0
2026-06-15T03:54:05.720,1706109,518,0.412,0.600266667,0.3008,81,5000,178.2,1,176.65,0.806,141,0.99,0.02,1195,0,0,2,2 keran stabil,stable,0.3,1,0
2026-06-15T03:54:05.985,1706321,508,0.412066667,0.6004,0.301133333,81,5000,178.2,1,176.65,0.806,141,0.99,0.02,1195,0,0,2,2 keran stabil,stable,0.3,1,1
2026-06-15T03:54:06.222,1706639,508,0.412666667,0.600733333,0.302066667,81,5000,178.2,1,176.65,0.806,141,0.99,0.02,1195,0,0,2,2 keran stabil,stable,0.3,1,0
2026-06-15T03:54:06.725,1707113,518,0.414266667,0.599533333,0.298333333,81,5000,178.2,1,176.63,0.808,141,0.987,0.02,1195,0,0,2,2 keran stabil,stable,0.3,1,0
2026-06-15T03:54:07.229,1707643,508,0.411533333,0.598333333,0.2948,81,5000,178.2,1,176.63,0.808,141,0.987,0.02,1195,0,0,2,2 keran stabil,stable,0.3,1,0
2026-06-15T03:54:07.793,1708224,508,0.409466667,0.598133333,0.294266667,81,5000,178.2,1,176.61,0.807,141,0.989,0.02,1195,0,0,2,2 keran stabil,stable,0.3,1,0
2026-06-15T03:54:08.362,1708754,507,0.407333333,0.6,0.299666667,81,5000,178.2,1,176.61,0.807,141,0.989,0.02,1195,0,0,2,2 keran stabil,stable,0.3,1,0
2026-06-15T03:54:08.924,1709335,527,0.407133333,0.5992,0.297333333,81,5000,178.2,1,176.65,0.807,141,0.989,0.02,1195,0,0,2,2 keran stabil,stable,0.3,1,0
2026-06-15T03:54:09.426,1709865,508,0.404866667,0.599266667,0.297733333,81,5000,178.2,1,176.65,0.807,141,0.989,0.02,1195,0,0,2,2 keran stabil,stable,0.3,1,0
2026-06-15T03:54:09.488,1709865,508,0.404866667,0.599266667,0.297733333,81,5000,178.2,1,176.65,0.807,141,0.989,0.02,1195,0,0,2,2 keran stabil,stable,0.3,1,1
2026-06-15T03:54:09.930,1710339,466,0.399,0.591466667,0.274533333,81,5000,178.2,1,176.62,0.808,141,0.988,0.02,1195,0,0,2,2 keran stabil,stable,0.3,1,0
2026-06-15T03:54:10.429,1710869,476,0.3926,0.579133333,0.237733333,81,5000,178.2,1,176.62,0.808,141,0.988,0.02,1195,0,0,2,2 keran stabil,stable,0.3,1,0
2026-06-15T03:54:10.931,1711344,465,0.385733333,0.569,0.207266667,81,5000,178.2,1,176.77,0.772,135,0.989,0.02,1195,0,0,2,2 keran stabil,stable,0.3,1,0
2026-06-15T03:54:11.432,1711874,479,0.3818,0.558666667,0.176,81,5000,178.2,1,176.77,0.772,135,0.989,0.02,1195,0,0,2,2 keran stabil,stable,0.3,1,0
2026-06-15T03:54:11.934,1712349,469,0.380933333,0.558133333,0.174466667,81,5000,178.2,1,176.83,0.736,129,0.991,0.02,1195,0,0,2,2 keran stabil,stable,0.3,1,0
2026-06-15T03:54:12.437,1712879,473,0.380733333,0.5584,0.175533333,81,5000,178.2,1,176.83,0.736,129,0.991,0.02,1195,0,0,2,2 keran stabil,stable,0.3,1,0
2026-06-15T03:54:12.940,1713353,470,0.379466667,0.556333333,0.170866667,81,5000,178.2,1,176.82,0.738,129,0.988,0.02,1195,0,0,2,2 keran stabil,stable,0.3,1,0
2026-06-15T03:54:13.002,1713353,470,0.379466667,0.556333333,0.170866667,81,5000,178.2,1,176.82,0.738,129,0.988,0.02,1195,0,0,2,2 keran stabil,stable,0.3,1,1
2026-06-15T03:54:13.438,1713883,466,0.378666667,0.552,0.159066667,84,5000,184.8,1,176.82,0.738,129,0.988,0.02,1195,0,0,2,2 keran stabil,stable,0.3,1,0
2026-06-15T03:54:13.939,1714358,445,0.375333333,0.546266667,0.143,84,5000,184.8,1,176.83,0.74,129,0.985,0.02,1195,0,0,2,2 keran stabil,stable,0.3,1,0
2026-06-15T03:54:14.440,1714888,456,0.374066667,0.541866667,0.131733333,84,5000,184.8,1,176.83,0.74,129,0.985,0.02,1195,0,0,2,2 keran stabil,stable,0.3,1,0
2026-06-15T03:54:15.030,1715469,480,0.3716,0.5418,0.130333333,84,5000,184.8,1,183.27,0.715,130,0.992,0.02,1195,0,0,2,2 keran stabil,stable,0.3,1,0
2026-06-15T03:54:15.592,1716049,460,0.374266667,0.5436,0.1346,84,5000,184.8,1,183.28,0.718,130,0.987,0.02,1195,0,0,4,4 keran stabil,stable,0.3,1,0
2026-06-15T03:54:16.123,1716579,455,0.373466667,0.542733333,0.130333333,84,5000,184.8,1,183.28,0.718,130,0.987,0.02,1195,0,0,4,4 keran stabil,stable,0.3,1,0
2026-06-15T03:54:16.514,1716897,462,0.373266667,0.541933333,0.128133333,84,5000,184.8,1,183.28,0.718,130,0.987,0.02,1195,0,0,4,4 keran stabil,stable,0.3,1,1
2026-06-15T03:54:16.684,1717160,451,0.3718,0.5406,0.124133333,87,5000,191.4,1,183.24,0.725,132,0.993,0.02,1195,0,0,4,4 keran stabil,stable,0.3,1,0
2026-06-15T03:54:17.247,1717690,463,0.366466667,0.539066667,0.120066667,87,5000,191.4,1,183.24,0.725,132,0.993,0.02,1195,0,0,4,4 keran stabil,stable,0.3,1,0
2026-06-15T03:54:17.811,1718271,452,0.366333333,0.538866667,0.1206,87,5000,191.4,1,189.57,0.746,140,0.989,0.02,1195,0,0,4,4 keran stabil,stable,0.3,1,0
2026-06-15T03:54:18.371,1718801,455,0.363666667,0.538733333,0.120133333,87,5000,191.4,1,189.57,0.746,140,0.989,0.02,1195,0,0,4,4 keran stabil,stable,0.3,1,0
2026-06-15T03:54:18.937,1719381,438,0.3648,0.537666667,0.1162,87,5000,191.4,1,189.56,0.773,145,0.989,0.02,1195,0,0,4,4 keran stabil,stable,0.3,1,0
2026-06-15T03:54:19.441,1719911,452,0.363333333,0.538,0.114533333,87,5000,191.4,1,189.56,0.773,145,0.989,0.02,1195,0,0,4,4 keran stabil,stable,0.3,1,0
2026-06-15T03:54:19.942,1720386,471,0.3668,0.5388,0.116533333,87,5000,191.4,1,189.61,0.756,142,0.99,0.02,1195,0,0,4,4 keran stabil,stable,0.3,1,0
2026-06-15T03:54:20.021,1720492,472,0.367666667,0.539333333,0.118066667,87,5000,191.4,1,189.61,0.756,142,0.99,0.02,1195,0,0,4,4 keran stabil,stable,0.3,1,1
2026-06-15T03:54:20.444,1720916,464,0.3682,0.541333333,0.1238,90,5000,198,1,189.61,0.756,142,0.99,0.02,1195,0,0,4,4 keran stabil,stable,0.3,1,0
2026-06-15T03:54:20.949,1721391,473,0.373133333,0.543666667,0.130733333,90,5000,198,1,191.19,0.753,143,0.993,0.02,1195,0,0,4,4 keran stabil,stable,0.3,1,0
2026-06-15T03:54:21.453,1721921,461,0.373666667,0.546266667,0.1384,90,5000,198,1,191.19,0.753,143,0.993,0.02,1195,0,0,4,4 keran stabil,stable,0.3,1,0
2026-06-15T03:54:21.958,1722396,461,0.3726,0.545666667,0.138133333,90,5000,198,1,196.35,0.743,145,0.993,0.02,1195,0,0,4,4 keran stabil,stable,0.3,1,0
2026-06-15T03:54:22.459,1722926,448,0.370133333,0.545333333,0.1374,90,5000,198,1,196.35,0.743,145,0.993,0.02,1195,0,0,4,4 keran stabil,stable,0.3,1,0
2026-06-15T03:54:23.025,1723506,450,0.3694,0.545066667,0.1366,90,5000,198,1,196.44,0.741,145,0.996,0.02,1195,0,0,4,4 keran stabil,stable,0.3,1,0
2026-06-15T03:54:23.527,1723930,466,0.3698,0.545333333,0.1364,90,5000,198,1,196.44,0.741,145,0.996,0.02,1195,0,0,4,4 keran stabil,stable,0.3,1,1
2026-06-15T03:54:23.590,1724087,465,0.37,0.545133333,0.135933333,90,5000,198,1,196.45,0.731,143,0.995,0.02,1195,0,0,4,4 keran stabil,stable,0.3,1,0
2026-06-15T03:54:24.156,1724617,460,0.371866667,0.546466667,0.14,93,5000,204.6,1,196.45,0.731,143,0.995,0.02,1195,0,0,4,4 keran stabil,stable,0.3,1,0
2026-06-15T03:54:24.721,1725198,464,0.372666667,0.545933333,0.140133333,93,5000,204.6,1,203.01,0.732,148,0.995,0.02,1195,0,0,4,4 keran stabil,stable,0.3,1,0
2026-06-15T03:54:25.218,1725728,470,0.3748,0.5488,0.148133333,93,5000,204.6,1,203.01,0.732,148,0.995,0.02,1195,0,0,4,4 keran stabil,stable,0.3,1,0
2026-06-15T03:54:25.722,1726202,464,0.3746,0.549466667,0.150266667,93,5000,204.6,1,203.03,0.726,147,0.997,0.02,1195,0,0,4,4 keran stabil,stable,0.3,1,0
2026-06-15T03:54:26.224,1726732,476,0.377133333,0.5512,0.153666667,93,5000,204.6,1,203.03,0.726,147,0.997,0.02,1195,0,0,4,4 keran stabil,stable,0.3,1,0
2026-06-15T03:54:26.728,1727207,462,0.376933333,0.5498,0.151333333,93,5000,204.6,1,202.99,0.731,148,0.997,0.02,1195,0,0,4,4 keran stabil,stable,0.3,1,0
2026-06-15T03:54:27.041,1727525,466,0.3758,0.5498,0.1514,93,5000,204.6,1,202.99,0.731,148,0.997,0.02,1195,0,0,4,4 keran stabil,stable,0.3,1,1
2026-06-15T03:54:27.229,1727737,475,0.3764,0.548866667,0.149666667,95,5000,209,1,202.99,0.731,148,0.997,0.02,1195,0,0,4,4 keran stabil,stable,0.3,1,0
2026-06-15T03:54:27.730,1728212,472,0.378266667,0.549333333,0.1512,95,5000,209,1,204.16,0.739,150,0.994,0.02,1195,0,0,4,4 keran stabil,stable,0.3,1,0
2026-06-15T03:54:28.235,1728742,457,0.377733333,0.550533333,0.152666667,95,5000,209,1,204.16,0.739,150,0.994,0.02,1195,0,0,4,4 keran stabil,stable,0.3,1,0
2026-06-15T03:54:28.737,1729217,476,0.378133333,0.551466667,0.155333333,95,5000,209,1,207.51,0.742,154,1,0.02,1195,0,0,4,4 keran stabil,stable,0.3,1,0
2026-06-15T03:54:29.241,1729747,469,0.375733333,0.5496,0.150333333,95,5000,209,1,207.51,0.742,154,1,0.02,1195,0,0,4,4 keran stabil,stable,0.3,1,0
2026-06-15T03:54:29.740,1730221,463,0.374466667,0.5498,0.150733333,95,5000,209,1,207.5,0.741,153,0.995,0.02,1195,0,0,4,4 keran stabil,stable,0.3,1,0
2026-06-15T03:54:30.232,1730751,472,0.3756,0.550066667,0.153333333,95,5000,209,1,207.5,0.741,153,0.995,0.02,1195,0,0,4,4 keran stabil,stable,0.3,1,0
2026-06-15T03:54:30.543,1730963,465,0.376266667,0.550533333,0.155,95,5000,209,1,207.5,0.741,153,0.995,0.02,1195,0,0,4,4 keran stabil,stable,0.3,1,1
2026-06-15T03:54:30.852,1731332,463,0.375733333,0.552933333,0.160533333,95,5000,209,1,207.52,0.74,153,0.996,0.02,1195,0,0,4,4 keran stabil,stable,0.3,1,0
2026-06-15T03:54:31.353,1731862,465,0.377533333,0.552666667,0.162066667,95,5000,209,1,207.52,0.74,153,0.996,0.02,1195,0,0,4,4 keran stabil,stable,0.3,1,0
2026-06-15T03:54:31.853,1732337,468,0.372733333,0.551866667,0.160266667,95,5000,209,1,207.5,0.74,153,0.996,0.02,1195,0,0,4,4 keran stabil,stable,0.3,1,0
2026-06-15T03:54:32.355,1732867,467,0.373066667,0.550933333,0.157266667,95,5000,209,1,207.5,0.74,153,0.996,0.02,1195,0,0,4,4 keran stabil,stable,0.3,1,0
2026-06-15T03:54:32.857,1733341,473,0.3738,0.551933333,0.1588,95,5000,209,1,207.49,0.739,153,0.997,0.02,1195,0,0,4,4 keran stabil,stable,0.3,1,0
2026-06-15T03:54:33.360,1733871,484,0.3784,0.552,0.156733333,95,5000,209,1,207.49,0.739,153,0.997,0.02,1195,0,0,4,4 keran stabil,stable,0.3,1,0
2026-06-15T03:54:33.865,1734346,476,0.378066667,0.551533333,0.156266667,95,5000,209,1,207.51,0.738,153,0.999,0.02,1195,0,0,4,4 keran stabil,stable,0.3,1,0
2026-06-15T03:54:34.054,1734558,466,0.3784,0.551933333,0.1574,95,5000,209,1,207.51,0.738,153,0.999,0.02,1195,0,0,4,4 keran stabil,stable,0.3,1,1
2026-06-15T03:54:34.367,1734876,470,0.377933333,0.551933333,0.1572,95,5000,209,1,207.51,0.738,153,0.999,0.02,1195,0,0,4,4 keran stabil,stable,0.3,1,0
2026-06-15T03:54:34.933,1735457,455,0.378733333,0.5526,0.159333333,95,5000,209,1,207.53,0.739,153,0.997,0.02,1195,0,0,4,4 keran stabil,stable,0.3,1,0
2026-06-15T03:54:35.498,1735987,469,0.379133333,0.554,0.161933333,95,5000,209,1,207.53,0.739,153,0.997,0.02,1195,0,0,4,4 keran stabil,stable,0.3,1,0
2026-06-15T03:54:36.060,1736568,456,0.379,0.554466667,0.163,95,5000,209,1,207.5,0.739,153,0.997,0.02,1195,0,0,4,4 keran stabil,stable,0.3,1,0
2026-06-15T03:54:36.611,1737148,463,0.379266667,0.553066667,0.1592,95,5000,209,1,207.5,0.739,153,0.997,0.02,1195,0,0,4,4 keran stabil,stable,0.3,1,0
2026-06-15T03:54:37.147,1737678,470,0.3754,0.550933333,0.153266667,95,5000,209,1,207.5,0.739,153,0.997,0.02,1195,0,0,4,4 keran stabil,stable,0.3,1,0
2026-06-15T03:54:37.713,1738259,456,0.3744,0.549,0.15,95,5000,209,1,207.47,0.739,153,0.997,0.02,1195,0,0,4,4 keran stabil,stable,0.3,1,0
2026-06-15T03:54:38.243,1738789,477,0.373933333,0.548733333,0.1498,95,5000,209,1,207.47,0.739,153,0.997,0.02,1195,0,0,4,4 keran stabil,stable,0.3,1,0
2026-06-15T03:54:38.845,1739370,476,0.3758,0.549866667,0.1528,95,5000,209,1,207.53,0.738,153,0.998,0.02,1195,0,0,4,4 keran stabil,stable,0.3,1,0
