pc_timestamp,stm32_ms,adc_raw,adc_voltage_v,sensor_voltage_v,pressure_bar,duty_percent,frequency_hz,estimated_output_rms_v,jsy_online,jsy_voltage_rms_v,jsy_current_rms_a,jsy_active_power_w,jsy_power_factor,jsy_energy_kwh,jsy_error_count,nn_mode,nn_duty_percent,valve_open_count,valve_state_label,valve_phase,setpoint_bar,episode_id,is_decision,event
2026-06-17T02:11:20.361,328061,417,0.329666667,0.4868,0.01,65,5000,143,1,143.84,0.781,109,0.97,0.05,20,0,0,-,Belum ditandai,unset,0.3,1,0,
2026-06-17T02:11:20.928,328586,425,0.3322,0.487466667,0.01,65,5000,143,1,143.84,0.781,109,0.97,0.05,20,0,0,-,Belum ditandai,unset,0.3,1,0,
2026-06-17T02:11:21.468,329161,426,0.335133333,0.4888,0.01,65,5000,143,1,143.89,0.764,107,0.973,0.05,20,0,0,-,Belum ditandai,unset,0.3,1,0,
2026-06-17T02:11:22.034,329686,419,0.340533333,0.493066667,0.0114,65,5000,143,1,143.89,0.764,107,0.973,0.05,20,0,0,-,Belum ditandai,unset,0.3,1,0,
2026-06-17T02:11:22.629,330313,419,0.341733333,0.4978,0.013466667,65,5000,143,1,143.91,0.763,107,0.974,0.05,20,0,0,-,Belum ditandai,unset,0.3,1,0,
2026-06-17T02:11:23.193,330875,430,0.340333333,0.500333333,0.015533333,65,5000,143,1,143.87,0.771,108,0.973,0.05,20,0,0,-,Belum ditandai,unset,0.3,1,0,
2026-06-17T02:11:23.737,331400,446,0.345466667,0.503066667,0.020733333,65,5000,143,1,143.87,0.771,108,0.973,0.05,20,0,0,-,Belum ditandai,unset,0.3,1,0,
2026-06-17T02:11:24.313,331984,434,0.346666667,0.504933333,0.023933333,65,5000,143,1,143.82,0.789,111,0.978,0.05,20,0,0,-,Belum ditandai,unset,0.3,1,0,
2026-06-17T02:11:24.815,332509,435,0.346733333,0.506733333,0.024533333,65,5000,143,1,143.82,0.789,111,0.978,0.05,20,0,0,-,Belum ditandai,unset,0.3,1,0,
2026-06-17T02:11:25.410,333084,422,0.344533333,0.506,0.0224,65,5000,143,1,143.83,0.796,111,0.969,0.05,20,0,0,-,Belum ditandai,unset,0.3,1,0,
2026-06-17T02:11:25.930,333609,418,0.344,0.504933333,0.0206,65,5000,143,1,143.83,0.796,111,0.969,0.05,20,0,0,-,Belum ditandai,unset,0.3,1,0,
2026-06-17T02:11:26.457,334131,430,0.3446,0.5044,0.020466667,65,5000,143,1,143.87,0.794,111,0.971,0.05,20,0,0,-,Belum ditandai,unset,0.3,1,0,
2026-06-17T02:11:26.960,334656,426,0.345533333,0.505133333,0.0204,65,5000,143,1,143.87,0.794,111,0.971,0.05,20,0,0,-,Belum ditandai,unset,0.3,1,0,
2026-06-17T02:11:27.522,335218,435,0.347133333,0.506466667,0.023666667,65,5000,143,1,143.86,0.794,111,0.971,0.05,20,0,0,-,Belum ditandai,unset,0.3,1,0,
2026-06-17T02:11:28.084,335802,431,0.346866667,0.506266667,0.023266667,65,5000,143,1,143.83,0.794,111,0.971,0.05,20,0,0,-,Belum ditandai,unset,0.3,1,0,
2026-06-17T02:11:28.649,336328,427,0.346533333,0.5062,0.0234,65,5000,143,1,143.83,0.794,111,0.971,0.05,20,0,0,-,Belum ditandai,unset,0.3,1,0,
2026-06-17T02:11:29.210,336912,423,0.345533333,0.505066667,0.0192,65,5000,143,1,143.82,0.795,111,0.97,0.05,20,0,0,-,Belum ditandai,unset,0.3,1,0,
2026-06-17T02:11:29.710,337437,423,0.345133333,0.5056,0.02,65,5000,143,1,143.82,0.795,111,0.97,0.05,20,0,0,-,Belum ditandai,unset,0.3,1,0,
2026-06-17T02:11:30.210,337917,423,0.345066667,0.505133333,0.019466667,65,5000,143,1,143.83,0.795,111,0.97,0.05,20,0,0,-,Belum ditandai,unset,0.3,1,0,
2026-06-17T02:11:30.710,338442,430,0.345266667,0.505533333,0.020333333,65,5000,143,1,143.83,0.795,111,0.97,0.05,20,0,0,-,Belum ditandai,unset,0.3,1,0,
2026-06-17T02:11:31.210,338921,435,0.346533333,0.5066,0.023,65,5000,143,1,143.83,0.794,111,0.971,0.05,20,0,0,-,Belum ditandai,unset,0.3,1,0,
2026-06-17T02:11:31.709,339446,433,0.347066667,0.505533333,0.021333333,65,5000,143,1,143.83,0.794,111,0.971,0.05,20,0,0,-,Belum ditandai,unset,0.3,1,0,
2026-06-17T02:11:32.209,339926,429,0.347933333,0.5052,0.021466667,65,5000,143,1,143.83,0.794,111,0.971,0.05,20,0,0,-,Belum ditandai,unset,0.3,1,0,
2026-06-17T02:11:32.708,340451,427,0.346866667,0.504733333,0.018866667,65,5000,143,1,143.83,0.794,111,0.971,0.05,20,0,0,-,Belum ditandai,unset,0.3,1,0,
2026-06-17T02:11:33.211,340930,430,0.346866667,0.505733333,0.019866667,65,5000,143,1,143.8,0.794,111,0.972,0.05,20,0,0,-,Belum ditandai,unset,0.3,1,0,
2026-06-17T02:11:33.710,341455,430,0.344866667,0.505333333,0.019,65,5000,143,1,143.8,0.794,111,0.972,0.05,20,0,0,-,Belum ditandai,unset,0.3,1,0,
2026-06-17T02:11:34.208,341935,431,0.3458,0.505066667,0.019,65,5000,143,1,143.8,0.795,111,0.97,0.05,20,0,0,-,Belum ditandai,unset,0.3,1,0,
2026-06-17T02:11:34.769,342460,434,0.3454,0.504,0.017533333,65,5000,143,1,143.8,0.795,111,0.97,0.05,20,0,0,-,Belum ditandai,unset,0.3,1,0,
2026-06-17T02:11:35.331,343044,432,0.346133333,0.503333333,0.016266667,65,5000,143,1,143.85,0.796,112,0.978,0.05,20,0,0,-,Belum ditandai,unset,0.3,1,0,
2026-06-17T02:11:35.830,343569,421,0.343533333,0.503066667,0.016,65,5000,143,1,143.85,0.796,112,0.978,0.05,20,0,0,-,Belum ditandai,unset,0.3,1,0,
2026-06-17T02:11:36.333,344048,424,0.3436,0.5034,0.016133333,65,5000,143,1,143.86,0.795,112,0.979,0.05,20,0,0,-,Belum ditandai,unset,0.3,1,0,
2026-06-17T02:11:36.831,344573,427,0.3428,0.502933333,0.015533333,65,5000,143,1,143.86,0.795,112,0.979,0.05,20,0,0,-,Belum ditandai,unset,0.3,1,0,
2026-06-17T02:11:37.332,345053,424,0.343333333,0.5028,0.015066667,65,5000,143,1,143.85,0.8,112,0.973,0.05,20,0,0,-,Belum ditandai,unset,0.3,1,0,
2026-06-17T02:11:37.829,345578,418,0.343266667,0.501333333,0.0132,65,5000,143,1,143.85,0.8,112,0.973,0.05,20,0,0,-,Belum ditandai,unset,0.3,1,0,
2026-06-17T02:11:38.330,346057,428,0.3426,0.500466667,0.012333333,65,5000,143,1,143.87,0.798,112,0.975,0.05,20,0,0,-,Belum ditandai,unset,0.3,1,0,
2026-06-17T02:11:38.829,346582,429,0.339133333,0.4998,0.012133333,65,5000,143,1,143.87,0.798,112,0.975,0.05,20,0,0,-,Belum ditandai,unset,0.3,1,0,
2026-06-17T02:11:39.328,347061,428,0.339133333,0.500133333,0.012466667,65,5000,143,1,143.88,0.794,111,0.971,0.05,20,0,0,-,Belum ditandai,unset,0.3,1,0,
2026-06-17T02:11:39.829,347586,428,0.340666667,0.501666667,0.014866667,65,5000,143,1,143.88,0.794,111,0.971,0.05,20,0,0,-,Belum ditandai,unset,0.3,1,0,
2026-06-17T02:11:40.329,348066,423,0.3434,0.503066667,0.0152,65,5000,143,1,143.89,0.792,111,0.974,0.05,20,0,0,-,Belum ditandai,unset,0.3,1,0,
2026-06-17T02:11:40.827,348591,433,0.345066667,0.5046,0.018,65,5000,143,1,143.89,0.792,111,0.974,0.05,20,0,0,-,Belum ditandai,unset,0.3,1,0,
2026-06-17T02:11:41.330,349075,395,0.3436,0.503866667,0.017933333,65,5000,143,1,143.91,0.789,111,0.977,0.05,20,0,0,-,Belum ditandai,unset,0.3,1,0,
2026-06-17T02:11:41.828,349600,429,0.3442,0.5042,0.0192,65,5000,143,1,143.91,0.789,111,0.977,0.05,20,0,0,-,Belum ditandai,unset,0.3,1,0,
2026-06-17T02:11:42.328,350074,449,0.344733333,0.504133333,0.0192,65,5000,143,1,143.9,0.788,111,0.978,0.05,20,0,0,-,Belum ditandai,unset,0.3,1,0,
2026-06-17T02:11:42.949,350704,434,0.3444,0.503933333,0.018533333,65,5000,143,1,143.9,0.788,111,0.978,0.05,20,0,0,-,Belum ditandai,unset,0.3,1,0,
2026-06-17T02:11:43.450,351226,436,0.3452,0.5042,0.018866667,65,5000,143,1,143.89,0.788,111,0.978,0.05,20,0,0,-,Belum ditandai,unset,0.3,1,0,
2026-06-17T02:11:44.010,351751,428,0.344533333,0.5042,0.0186,65,5000,143,1,143.89,0.788,111,0.978,0.05,20,0,0,-,Belum ditandai,unset,0.3,1,0,
2026-06-17T02:11:44.571,352313,429,0.346266667,0.503933333,0.018933333,65,5000,143,1,143.9,0.789,111,0.977,0.05,20,0,0,-,Belum ditandai,unset,0.3,1,0,
2026-06-17T02:11:45.131,352897,424,0.344933333,0.5034,0.018133333,65,5000,143,1,143.92,0.788,111,0.978,0.05,20,0,0,-,Belum ditandai,unset,0.3,1,0,
2026-06-17T02:11:45.696,353423,429,0.344733333,0.5034,0.017933333,65,5000,143,1,143.92,0.788,111,0.978,0.05,20,0,0,-,Belum ditandai,unset,0.3,1,0,
2026-06-17T02:11:46.263,354007,427,0.343666667,0.504333333,0.017733333,65,5000,143,1,143.88,0.788,110,0.97,0.05,20,0,0,-,Belum ditandai,unset,0.3,1,0,
2026-06-17T02:11:46.885,354637,431,0.343666667,0.503933333,0.015666667,65,5000,143,1,143.88,0.788,110,0.97,0.05,20,0,0,-,Belum ditandai,unset,0.3,1,0,
2026-06-17T02:11:47.383,355116,430,0.3446,0.504,0.0164,65,5000,143,1,143.89,0.789,111,0.977,0.05,20,0,0,-,Belum ditandai,unset,0.3,1,0,
2026-06-17T02:11:47.883,355641,437,0.343866667,0.5034,0.0162,65,5000,143,1,143.89,0.789,111,0.977,0.05,20,0,0,-,Belum ditandai,unset,0.3,1,0,
2026-06-17T02:11:48.387,356121,425,0.344266667,0.5036,0.017266667,65,5000,143,1,143.86,0.788,110,0.97,0.05,20,0,0,-,Belum ditandai,unset,0.3,1,0,
2026-06-17T02:11:48.890,356646,433,0.342933333,0.5034,0.016333333,65,5000,143,1,143.86,0.788,110,0.97,0.05,20,0,0,-,Belum ditandai,unset,0.3,1,0,
2026-06-17T02:11:49.454,357230,423,0.345133333,0.503866667,0.016266667,65,5000,143,1,143.85,0.788,110,0.97,0.05,20,0,0,-,Belum ditandai,unset,0.3,1,0,
2026-06-17T02:11:49.956,357755,401,0.343733333,0.504266667,0.017133333,65,5000,143,1,143.85,0.788,110,0.97,0.05,20,0,0,-,Belum ditandai,unset,0.3,1,0,
2026-06-17T02:11:50.454,358234,425,0.344266667,0.5046,0.018266667,65,5000,143,1,143.88,0.788,110,0.97,0.05,20,0,0,-,Belum ditandai,unset,0.3,1,0,
2026-06-17T02:11:50.955,358759,430,0.345666667,0.5052,0.020466667,65,5000,143,1,143.88,0.788,110,0.97,0.05,20,0,0,-,Belum ditandai,unset,0.3,1,0,
2026-06-17T02:11:51.455,359239,430,0.344933333,0.5044,0.020533333,65,5000,143,1,143.86,0.788,110,0.97,0.05,20,0,0,-,Belum ditandai,unset,0.3,1,0,
2026-06-17T02:11:52.016,359764,429,0.3466,0.504533333,0.0204,65,5000,143,1,143.86,0.788,110,0.97,0.05,20,0,0,-,Belum ditandai,unset,0.3,1,0,
2026-06-17T02:11:52.577,360348,446,0.347,0.5046,0.019266667,65,5000,143,1,143.88,0.787,110,0.971,0.05,20,0,0,-,Belum ditandai,unset,0.3,1,0,
2026-06-17T02:11:53.139,360932,427,0.346533333,0.504666667,0.017533333,65,5000,143,1,143.89,0.786,110,0.972,0.05,20,0,0,-,Belum ditandai,unset,0.3,1,0,
2026-06-17T02:11:53.700,361458,423,0.3454,0.5042,0.015733333,65,5000,143,1,143.89,0.786,110,0.972,0.05,20,0,0,-,Belum ditandai,unset,0.3,1,0,
2026-06-17T02:11:54.265,362042,425,0.3432,0.503666667,0.015133333,65,5000,143,1,143.87,0.787,110,0.971,0.05,20,0,0,-,Belum ditandai,unset,0.3,1,0,
2026-06-17T02:11:54.764,362567,419,0.343733333,0.5036,0.015466667,65,5000,143,1,143.87,0.787,110,0.971,0.05,20,0,0,-,Belum ditandai,unset,0.3,1,0,
2026-06-17T02:11:55.264,363046,429,0.3438,0.5036,0.015933333,65,5000,143,1,143.89,0.787,110,0.971,0.05,20,0,0,-,Belum ditandai,unset,0.3,1,0,
2026-06-17T02:11:55.766,363571,428,0.343733333,0.5034,0.0152,65,5000,143,1,143.89,0.787,110,0.971,0.05,20,0,0,-,Belum ditandai,unset,0.3,1,0,
2026-06-17T02:11:56.354,364156,427,0.344333333,0.5024,0.014866667,65,5000,143,1,143.86,0.789,111,0.977,0.05,20,0,0,-,Belum ditandai,unset,0.3,1,0,
2026-06-17T02:11:56.861,364681,429,0.341,0.502066667,0.015333333,65,5000,143,1,143.86,0.789,111,0.977,0.05,20,0,0,-,Belum ditandai,unset,0.3,1,0,
2026-06-17T02:11:57.376,365160,426,0.3406,0.501866667,0.015466667,65,5000,143,1,143.86,0.788,111,0.979,0.05,20,0,0,-,Belum ditandai,unset,0.3,1,0,
2026-06-17T02:11:57.907,365685,430,0.339333333,0.501666667,0.013933333,65,5000,143,1,143.86,0.788,111,0.979,0.05,20,0,0,-,Belum ditandai,unset,0.3,1,0,
2026-06-17T02:11:58.467,366270,426,0.3426,0.5012,0.0128,65,5000,143,1,143.84,0.788,110,0.97,0.05,20,0,0,-,Belum ditandai,unset,0.3,1,0,
2026-06-17T02:11:58.965,366795,427,0.342733333,0.501066667,0.012333333,65,5000,143,1,143.84,0.788,110,0.97,0.05,20,0,0,-,Belum ditandai,unset,0.3,1,0,
2026-06-17T02:11:59.467,367274,426,0.343333333,0.500933333,0.012133333,65,5000,143,1,143.82,0.789,111,0.978,0.05,20,0,0,-,Belum ditandai,unset,0.3,1,0,
2026-06-17T02:11:59.965,367799,424,0.339333333,0.499666667,0.011533333,65,5000,143,1,143.82,0.789,111,0.978,0.05,20,0,0,-,Belum ditandai,unset,0.3,1,0,
2026-06-17T02:12:00.467,368278,421,0.339733333,0.5,0.0112,65,5000,143,1,143.8,0.791,111,0.975,0.05,20,0,0,-,Belum ditandai,unset,0.3,1,0,
2026-06-17T02:12:00.965,368803,417,0.338733333,0.499133333,0.010733333,65,5000,143,1,143.8,0.791,111,0.975,0.05,20,0,0,-,Belum ditandai,unset,0.3,1,0,
2026-06-17T02:12:01.466,369283,430,0.341466667,0.500133333,0.0112,65,5000,143,1,143.8,0.793,111,0.973,0.05,20,0,0,-,Belum ditandai,unset,0.3,1,0,
2026-06-17T02:12:02.028,369808,421,0.3394,0.5006,0.011866667,65,5000,143,1,143.8,0.793,111,0.973,0.05,20,0,0,-,Belum ditandai,unset,0.3,1,0,
2026-06-17T02:12:02.590,370392,432,0.3404,0.501533333,0.0126,65,5000,143,1,143.81,0.786,110,0.973,0.05,20,0,0,-,Belum ditandai,unset,0.3,1,0,
2026-06-17T02:12:03.151,370976,425,0.341866667,0.5014,0.012733333,65,5000,143,1,143.81,0.785,110,0.974,0.05,20,0,0,-,Belum ditandai,unset,0.3,1,0,
2026-06-17T02:12:03.713,371501,424,0.343133333,0.5012,0.012466667,65,5000,143,1,143.81,0.785,110,0.974,0.05,20,0,0,-,Belum ditandai,unset,0.3,1,0,
2026-06-17T02:12:04.276,372076,423,0.340866667,0.5014,0.012666667,65,5000,143,1,143.78,0.785,110,0.974,0.05,20,0,0,-,Belum ditandai,unset,0.3,1,0,
2026-06-17T02:12:04.776,372601,433,0.342,0.501866667,0.013066667,65,5000,143,1,143.78,0.785,110,0.974,0.05,20,0,0,-,Belum ditandai,unset,0.3,1,0,
2026-06-17T02:12:05.273,373123,418,0.340866667,0.501266667,0.012466667,65,5000,143,1,143.82,0.785,110,0.974,0.05,20,0,0,-,Belum ditandai,unset,0.3,1,0,
2026-06-17T02:12:05.837,373648,435,0.342933333,0.500933333,0.011933333,65,5000,143,1,143.82,0.785,110,0.974,0.05,20,0,0,-,Belum ditandai,unset,0.3,1,0,
2026-06-17T02:12:06.398,374210,431,0.3412,0.500933333,0.011733333,65,5000,143,1,143.81,0.789,111,0.978,0.05,20,0,0,-,Belum ditandai,unset,0.3,1,0,
2026-06-17T02:12:06.900,374735,426,0.3422,0.501266667,0.012266667,65,5000,143,1,143.81,0.789,111,0.978,0.05,20,0,0,-,Belum ditandai,unset,0.3,1,0,
2026-06-17T02:12:07.402,375214,425,0.3428,0.501466667,0.013,65,5000,143,1,143.8,0.784,110,0.975,0.05,20,0,0,-,Belum ditandai,unset,0.3,1,0,
2026-06-17T02:12:08.024,375844,427,0.341133333,0.5016,0.013266667,65,5000,143,1,143.8,0.784,110,0.975,0.05,20,0,0,-,Belum ditandai,unset,0.3,1,0,
2026-06-17T02:12:08.587,376428,430,0.3424,0.502333333,0.014066667,65,5000,143,1,143.81,0.783,110,0.976,0.05,20,0,0,-,Belum ditandai,unset,0.3,1,0,
2026-06-17T02:12:09.210,377012,423,0.341866667,0.502333333,0.0136,65,5000,143,1,143.8,0.784,110,0.975,0.05,20,0,0,-,Belum ditandai,unset,0.3,1,0,
2026-06-17T02:12:09.707,377538,432,0.344133333,0.502066667,0.013066667,65,5000,143,1,143.8,0.784,110,0.975,0.05,20,0,0,-,Belum ditandai,unset,0.3,1,0,
2026-06-17T02:12:10.208,378017,413,0.3416,0.500466667,0.011666667,65,5000,143,1,143.8,0.786,110,0.973,0.05,20,0,0,-,Belum ditandai,unset,0.3,1,0,
2026-06-17T02:12:10.711,378542,416,0.340266667,0.4994,0.010666667,65,5000,143,1,143.8,0.786,110,0.973,0.05,20,0,0,-,Belum ditandai,unset,0.3,1,0,
2026-06-17T02:12:11.210,379021,421,0.34,0.499133333,0.011333333,65,5000,143,1,143.76,0.788,110,0.971,0.05,20,0,0,-,Belum ditandai,unset,0.3,1,0,
2026-06-17T02:12:11.707,379547,420,0.339733333,0.499,0.010933333,65,5000,143,1,143.76,0.788,110,0.971,0.05,20,0,0,-,Belum ditandai,unset,0.3,1,0,
2026-06-17T02:12:12.205,380025,430,0.34,0.4992,0.011066667,65,5000,143,1,143.8,0.79,111,0.977,0.05,20,0,0,-,Belum ditandai,unset,0.3,1,0,
2026-06-17T02:12:12.705,380551,420,0.339733333,0.499133333,0.010133333,65,5000,143,1,143.8,0.79,111,0.977,0.05,20,0,0,-,Belum ditandai,unset,0.3,1,0,
2026-06-17T02:12:13.204,381030,423,0.340266667,0.499666667,0.010466667,65,5000,143,1,143.8,0.789,111,0.978,0.05,20,0,0,-,Belum ditandai,unset,0.3,1,0,
2026-06-17T02:12:13.702,381556,428,0.340666667,0.499,0.009933333,65,5000,143,1,143.8,0.789,111,0.978,0.05,20,0,0,-,Belum ditandai,unset,0.3,1,0,
2026-06-17T02:12:14.201,382034,421,0.3406,0.498466667,0.009933333,65,5000,143,1,143.78,0.789,111,0.978,0.05,20,0,0,-,Belum ditandai,unset,0.3,1,0,
2026-06-17T02:12:14.703,382560,425,0.339666667,0.497066667,0.0096,65,5000,143,1,143.78,0.789,111,0.978,0.05,20,0,0,-,Belum ditandai,unset,0.3,1,0,
2026-06-17T02:12:15.209,383039,427,0.3406,0.4978,0.010466667,65,5000,143,1,143.79,0.79,111,0.977,0.05,20,0,0,-,Belum ditandai,unset,0.3,1,0,
2026-06-17T02:12:15.710,383564,424,0.341,0.4984,0.010466667,65,5000,143,1,143.79,0.79,111,0.977,0.05,20,0,0,-,Belum ditandai,unset,0.3,1,0,
2026-06-17T02:12:16.211,384043,435,0.342933333,0.4992,0.010733333,65,5000,143,1,143.79,0.788,111,0.979,0.05,20,0,0,-,Belum ditandai,unset,0.3,1,0,
2026-06-17T02:12:16.710,384569,428,0.342133333,0.499533333,0.010733333,65,5000,143,1,143.79,0.788,111,0.979,0.05,20,0,0,-,Belum ditandai,unset,0.3,1,0,
2026-06-17T02:12:17.210,385047,423,0.341933333,0.498533333,0.010133333,65,5000,143,1,143.78,0.787,110,0.972,0.05,20,0,0,-,Belum ditandai,unset,0.3,1,0,
2026-06-17T02:12:17.711,385573,424,0.341333333,0.499133333,0.010333333,65,5000,143,1,143.78,0.787,110,0.972,0.05,20,0,0,-,Belum ditandai,unset,0.3,1,0,
2026-06-17T02:12:18.211,386052,427,0.341,0.499066667,0.0102,65,5000,143,1,143.79,0.787,110,0.972,0.05,20,0,0,-,Belum ditandai,unset,0.3,1,0,
2026-06-17T02:12:18.713,386577,425,0.341733333,0.499533333,0.010466667,65,5000,143,1,143.79,0.787,110,0.972,0.05,20,0,0,-,Belum ditandai,unset,0.3,1,0,
2026-06-17T02:12:19.291,387162,425,0.343133333,0.499933333,0.010533333,65,5000,143,1,143.75,0.787,110,0.972,0.05,20,0,0,-,Belum ditandai,unset,0.3,1,0,
2026-06-17T02:12:19.819,387687,413,0.343933333,0.501666667,0.013866667,70,5000,154,1,143.75,0.787,110,0.972,0.05,20,0,0,-,Belum ditandai,unset,0.3,1,0,
2026-06-17T02:12:20.319,388166,450,0.347066667,0.506133333,0.026066667,70,5000,154,1,153.05,0.811,122,0.982,0.05,20,0,0,-,Belum ditandai,unset,0.3,1,0,
2026-06-17T02:12:20.818,388691,436,0.351,0.513466667,0.044933333,70,5000,154,1,153.05,0.811,122,0.982,0.05,20,0,0,-,Belum ditandai,unset,0.3,1,0,
2026-06-17T02:12:21.321,389171,446,0.3538,0.5188,0.058266667,70,5000,154,1,154.04,0.779,118,0.983,0.05,20,0,0,-,Belum ditandai,unset,0.3,1,0,
2026-06-17T02:12:21.820,389696,445,0.3548,0.520066667,0.061333333,70,5000,154,1,154.04,0.779,118,0.983,0.05,20,0,0,-,Belum ditandai,unset,0.3,1,0,
2026-06-17T02:12:22.321,390175,444,0.354333333,0.519,0.058133333,70,5000,154,1,154.04,0.788,119,0.98,0.05,20,0,0,-,Belum ditandai,unset,0.3,1,0,
2026-06-17T02:12:22.819,390700,445,0.355933333,0.518666667,0.0568,70,5000,154,1,154.04,0.788,119,0.98,0.05,20,0,0,-,Belum ditandai,unset,0.3,1,0,
2026-06-17T02:12:23.320,391179,444,0.356533333,0.518466667,0.0566,70,5000,154,1,154.06,0.786,119,0.982,0.05,20,0,0,-,Belum ditandai,unset,0.3,1,0,
2026-06-17T02:12:23.820,391704,437,0.354733333,0.517466667,0.054533333,70,5000,154,1,154.06,0.786,119,0.982,0.05,20,0,0,-,Belum ditandai,unset,0.3,1,0,
2026-06-17T02:12:24.320,392184,450,0.353933333,0.516266667,0.052066667,70,5000,154,1,154.01,0.79,119,0.978,0.05,20,0,0,-,Belum ditandai,unset,0.3,1,0,
2026-06-17T02:12:24.820,392709,439,0.351866667,0.515733333,0.0494,70,5000,154,1,154.01,0.79,119,0.978,0.05,20,0,0,-,Belum ditandai,unset,0.3,1,0,
2026-06-17T02:12:25.320,393188,434,0.3524,0.516,0.049066667,70,5000,154,1,154,0.797,120,0.977,0.05,20,0,0,-,Belum ditandai,unset,0.3,1,0,
2026-06-17T02:12:25.818,393713,439,0.355533333,0.517266667,0.051466667,70,5000,154,1,154,0.797,120,0.977,0.05,20,0,0,-,Belum ditandai,unset,0.3,1,0,
2026-06-17T02:12:26.317,394193,437,0.3548,0.517,0.050933333,70,5000,154,1,154.01,0.797,121,0.985,0.05,20,0,0,-,Belum ditandai,unset,0.3,1,0,
2026-06-17T02:12:26.817,394718,451,0.354333333,0.516466667,0.0504,70,5000,154,1,154.01,0.797,121,0.985,0.05,20,0,0,-,Belum ditandai,unset,0.3,1,0,
2026-06-17T02:12:27.321,395197,438,0.352866667,0.515333333,0.048133333,70,5000,154,1,154.01,0.802,121,0.979,0.05,20,0,0,-,Belum ditandai,unset,0.3,1,0,
2026-06-17T02:12:27.822,395722,408,0.351,0.515066667,0.047866667,70,5000,154,1,154.01,0.802,121,0.979,0.05,20,0,0,-,Belum ditandai,unset,0.3,1,0,
2026-06-17T02:12:28.322,396202,437,0.351866667,0.5162,0.051333333,70,5000,154,1,154.02,0.794,120,0.981,0.05,20,0,0,-,Belum ditandai,unset,0.3,1,0,
2026-06-17T02:12:28.824,396727,429,0.351866667,0.516533333,0.052666667,70,5000,154,1,154.02,0.794,120,0.981,0.05,20,0,0,-,Belum ditandai,unset,0.3,1,0,
2026-06-17T02:12:29.324,397206,440,0.3526,0.518,0.055733333,70,5000,154,1,154.02,0.789,119,0.979,0.05,20,0,0,-,Belum ditandai,unset,0.3,1,0,
2026-06-17T02:12:29.827,397731,432,0.355666667,0.518733333,0.056866667,70,5000,154,1,154.02,0.789,119,0.979,0.05,20,0,0,-,Belum ditandai,unset,0.3,1,0,
2026-06-17T02:12:30.330,398211,366,0.351533333,0.518066667,0.055866667,70,5000,154,1,154.04,0.787,119,0.981,0.05,20,0,0,-,Belum ditandai,unset,0.3,1,0,
2026-06-17T02:12:30.828,398736,432,0.351533333,0.517266667,0.053866667,70,5000,154,1,154.04,0.787,119,0.981,0.05,20,0,0,-,Belum ditandai,unset,0.3,1,0,
2026-06-17T02:12:31.330,399215,404,0.3486,0.516733333,0.0532,70,5000,154,1,154.06,0.787,119,0.981,0.05,20,0,0,-,Belum ditandai,unset,0.3,1,0,
2026-06-17T02:12:31.827,399740,439,0.348266667,0.515933333,0.0518,70,5000,154,1,154.06,0.787,119,0.981,0.05,20,0,0,-,Belum ditandai,unset,0.3,1,0,
2026-06-17T02:12:32.327,400220,439,0.352133333,0.516933333,0.0526,70,5000,154,1,154.06,0.784,119,0.985,0.05,20,0,0,-,Belum ditandai,unset,0.3,1,0,
2026-06-17T02:12:32.829,400745,441,0.352,0.516066667,0.051733333,70,5000,154,1,154.06,0.784,119,0.985,0.05,20,0,0,-,Belum ditandai,unset,0.3,1,0,
2026-06-17T02:12:33.331,401224,434,0.353733333,0.517133333,0.0536,70,5000,154,1,154.09,0.785,119,0.983,0.05,20,0,0,-,Belum ditandai,unset,0.3,1,0,
2026-06-17T02:12:33.835,401749,437,0.3532,0.516733333,0.0542,70,5000,154,1,154.09,0.785,119,0.983,0.05,20,0,0,-,Belum ditandai,unset,0.3,1,0,
2026-06-17T02:12:34.334,402229,434,0.354,0.5164,0.054533333,70,5000,154,1,154.09,0.782,118,0.979,0.05,20,0,0,-,Belum ditandai,unset,0.3,1,0,
2026-06-17T02:12:34.832,402754,437,0.3544,0.517133333,0.056733333,70,5000,154,1,154.09,0.782,118,0.979,0.05,20,0,0,-,Belum ditandai,unset,0.3,1,0,
2026-06-17T02:12:35.331,403233,431,0.3536,0.517666667,0.0574,70,5000,154,1,154.1,0.783,118,0.977,0.05,20,0,0,-,Belum ditandai,unset,0.3,1,0,
2026-06-17T02:12:35.832,403758,442,0.352866667,0.517933333,0.057133333,70,5000,154,1,154.1,0.783,118,0.977,0.05,20,0,0,-,Belum ditandai,unset,0.3,1,0,
2026-06-17T02:12:36.334,404238,437,0.3522,0.5186,0.057533333,70,5000,154,1,154.09,0.779,118,0.983,0.05,20,0,0,-,Belum ditandai,unset,0.3,1,0,
2026-06-17T02:12:36.833,404763,448,0.353266667,0.519133333,0.058666667,70,5000,154,1,154.09,0.779,118,0.983,0.05,20,0,0,-,Belum ditandai,unset,0.3,1,0,
2026-06-17T02:12:37.331,405242,444,0.352733333,0.519933333,0.061266667,70,5000,154,1,154.09,0.775,117,0.979,0.05,20,0,0,-,Belum ditandai,unset,0.3,1,0,
2026-06-17T02:12:37.834,405767,449,0.354133333,0.520533333,0.064333333,70,5000,154,1,154.09,0.775,117,0.979,0.05,20,0,0,-,Belum ditandai,unset,0.3,1,0,
2026-06-17T02:12:38.332,406247,444,0.355,0.521066667,0.0646,70,5000,154,1,154.1,0.774,117,0.98,0.05,20,0,0,-,Belum ditandai,unset,0.3,1,0,
2026-06-17T02:12:38.832,406772,446,0.354866667,0.5198,0.061533333,70,5000,154,1,154.1,0.774,117,0.98,0.05,20,0,0,-,Belum ditandai,unset,0.3,1,0,
2026-06-17T02:12:39.334,407251,446,0.356,0.519133333,0.059933333,70,5000,154,1,154.1,0.775,117,0.979,0.05,20,0,0,-,Belum ditandai,unset,0.3,1,0,
2026-06-17T02:12:39.833,407776,450,0.354866667,0.519466667,0.0602,70,5000,154,1,154.1,0.775,117,0.979,0.05,20,0,0,-,Belum ditandai,unset,0.3,1,0,
2026-06-17T02:12:40.336,408256,455,0.3562,0.519533333,0.0604,70,5000,154,1,154.11,0.774,117,0.98,0.05,20,0,0,-,Belum ditandai,unset,0.3,1,0,
2026-06-17T02:12:40.839,408781,446,0.356066667,0.519133333,0.060733333,70,5000,154,1,154.11,0.774,117,0.98,0.05,20,0,0,-,Belum ditandai,unset,0.3,1,0,
2026-06-17T02:12:41.340,409260,446,0.355866667,0.519,0.059533333,70,5000,154,1,154.08,0.777,117,0.977,0.05,20,0,0,-,Belum ditandai,unset,0.3,1,0,
2026-06-17T02:12:41.839,409785,439,0.3552,0.518933333,0.0598,70,5000,154,1,154.08,0.777,117,0.977,0.05,20,0,0,-,Belum ditandai,unset,0.3,1,0,
2026-06-17T02:12:42.399,410370,444,0.3538,0.518133333,0.0556,70,5000,154,1,154.1,0.776,117,0.978,0.05,20,0,0,-,Belum ditandai,unset,0.3,1,0,
2026-06-17T02:12:42.965,410895,435,0.352933333,0.517466667,0.053866667,70,5000,154,1,154.1,0.776,117,0.978,0.05,20,0,0,-,Belum ditandai,unset,0.3,1,0,
2026-06-17T02:12:43.528,411479,432,0.354333333,0.516933333,0.052733333,70,5000,154,1,154.13,0.781,118,0.98,0.05,20,0,0,-,Belum ditandai,unset,0.3,1,0,
2026-06-17T02:12:44.027,412004,430,0.354733333,0.517333333,0.053666667,70,5000,154,1,154.13,0.781,118,0.98,0.05,20,0,0,-,Belum ditandai,unset,0.3,1,0,
2026-06-17T02:12:44.527,412484,435,0.353,0.517066667,0.053333333,70,5000,154,1,154.14,0.779,118,0.982,0.05,20,0,0,-,Belum ditandai,unset,0.3,1,0,
2026-06-17T02:12:45.216,413172,447,0.3512,0.515666667,0.051333333,70,5000,154,1,154.16,0.778,118,0.983,0.05,20,0,0,-,Belum ditandai,unset,0.3,1,0,
2026-06-17T02:12:45.838,413803,433,0.351466667,0.514466667,0.048,70,5000,154,1,154.16,0.778,118,0.983,0.05,20,0,0,-,Belum ditandai,unset,0.3,1,0,
2026-06-17T02:12:46.344,414283,435,0.351533333,0.514533333,0.046533333,70,5000,154,1,154.18,0.779,118,0.982,0.05,20,0,0,-,Belum ditandai,unset,0.3,1,0,
2026-06-17T02:12:46.847,414808,433,0.350933333,0.5148,0.045266667,70,5000,154,1,154.18,0.779,118,0.982,0.05,20,0,0,-,Belum ditandai,unset,0.3,1,0,
2026-06-17T02:12:47.347,415287,426,0.35,0.5146,0.047266667,70,5000,154,1,154.18,0.778,118,0.983,0.05,20,0,0,-,Belum ditandai,unset,0.3,1,0,
2026-06-17T02:12:47.847,415812,445,0.351666667,0.515133333,0.0488,70,5000,154,1,154.18,0.778,118,0.983,0.05,20,0,0,-,Belum ditandai,unset,0.3,1,0,
2026-06-17T02:12:48.348,416291,460,0.353333333,0.515133333,0.049733333,70,5000,154,1,154.17,0.777,117,0.976,0.05,20,0,0,-,Belum ditandai,unset,0.3,1,0,
2026-06-17T02:12:48.847,416816,433,0.3538,0.514466667,0.0468,70,5000,154,1,154.17,0.777,117,0.976,0.05,20,0,0,-,Belum ditandai,unset,0.3,1,0,
2026-06-17T02:12:49.346,417296,434,0.354,0.514666667,0.0464,70,5000,154,1,154.15,0.78,118,0.981,0.05,20,0,0,-,Belum ditandai,unset,0.3,1,0,
2026-06-17T02:12:49.844,417821,438,0.352133333,0.514333333,0.045733333,70,5000,154,1,154.15,0.78,118,0.981,0.05,20,0,0,-,Belum ditandai,unset,0.3,1,0,
2026-06-17T02:12:50.343,418300,456,0.351533333,0.514266667,0.045333333,70,5000,154,1,154.17,0.779,118,0.982,0.05,20,0,0,-,Belum ditandai,unset,0.3,1,0,
2026-06-17T02:12:50.874,418825,437,0.3518,0.514266667,0.0456,70,5000,154,1,154.17,0.779,118,0.982,0.05,20,0,0,-,Belum ditandai,unset,0.3,1,0,
2026-06-17T02:12:51.434,419410,429,0.3526,0.514733333,0.046933333,70,5000,154,1,154.14,0.781,118,0.98,0.05,20,0,0,-,Belum ditandai,unset,0.3,1,0,
2026-06-17T02:12:51.934,419935,446,0.3518,0.514533333,0.045666667,70,5000,154,1,154.14,0.781,118,0.98,0.05,20,0,0,-,Belum ditandai,unset,0.3,1,0,
2026-06-17T02:12:52.525,420519,441,0.3528,0.5148,0.0454,70,5000,154,1,154.18,0.779,118,0.982,0.05,20,0,0,-,Belum ditandai,unset,0.3,1,0,
2026-06-17T02:12:53.062,421044,437,0.352733333,0.513666667,0.041866667,70,5000,154,1,154.18,0.779,118,0.982,0.05,20,0,0,-,Belum ditandai,unset,0.3,1,0,
2026-06-17T02:12:53.561,421524,437,0.352666667,0.5132,0.040666667,70,5000,154,1,154.17,0.782,118,0.978,0.05,20,0,0,-,Belum ditandai,unset,0.3,1,0,
2026-06-17T02:12:54.060,422049,428,0.348933333,0.513,0.0406,70,5000,154,1,154.17,0.782,118,0.978,0.05,20,0,0,-,Belum ditandai,unset,0.3,1,0,
2026-06-17T02:12:54.558,422528,443,0.351733333,0.514466667,0.0446,70,5000,154,1,154.16,0.78,118,0.981,0.05,20,0,0,-,Belum ditandai,unset,0.3,1,0,
2026-06-17T02:12:55.061,423053,433,0.350333333,0.5152,0.048266667,70,5000,154,1,154.16,0.78,118,0.981,0.05,20,0,0,-,Belum ditandai,unset,0.3,1,0,
2026-06-17T02:12:55.559,423533,418,0.347,0.515,0.049133333,70,5000,154,1,154.19,0.773,117,0.981,0.05,20,0,0,-,Belum ditandai,unset,0.3,1,0,
2026-06-17T02:12:56.059,424058,356,0.343866667,0.514733333,0.0504,70,5000,154,1,154.19,0.773,117,0.981,0.05,20,0,0,-,Belum ditandai,unset,0.3,1,0,
2026-06-17T02:12:56.558,424537,425,0.344266667,0.513466667,0.047933333,70,5000,154,1,154.19,0.774,117,0.98,0.05,20,0,0,-,Belum ditandai,unset,0.3,1,0,
2026-06-17T02:12:57.073,425062,436,0.3476,0.5144,0.049,70,5000,154,1,154.19,0.774,117,0.98,0.05,20,0,0,-,Belum ditandai,unset,0.3,1,0,
2026-06-17T02:12:57.650,425647,432,0.3478,0.514333333,0.0486,70,5000,154,1,154.21,0.773,117,0.981,0.05,20,0,0,-,Belum ditandai,unset,0.3,1,0,
2026-06-17T02:12:58.223,426230,450,0.353266667,0.516733333,0.051266667,70,5000,154,1,154.2,0.771,117,0.984,0.05,20,0,0,-,Belum ditandai,unset,0.3,1,0,
2026-06-17T02:12:58.729,426756,434,0.353133333,0.516666667,0.051133333,70,5000,154,1,154.2,0.771,117,0.984,0.05,20,0,0,-,Belum ditandai,unset,0.3,1,0,
2026-06-17T02:12:59.227,427235,457,0.3538,0.516733333,0.050866667,75,5000,165,1,154.16,0.768,116,0.979,0.05,20,0,0,-,Belum ditandai,unset,0.3,1,0,
2026-06-17T02:12:59.771,427761,452,0.3572,0.521266667,0.064133333,75,5000,165,1,154.16,0.768,116,0.979,0.05,20,0,0,-,Belum ditandai,unset,0.3,1,0,
2026-06-17T02:13:00.336,428345,441,0.3602,0.525733333,0.0772,75,5000,165,1,164.44,0.763,124,0.988,0.05,20,0,0,-,Belum ditandai,unset,0.3,1,0,
2026-06-17T02:13:00.833,428870,436,0.3634,0.5308,0.092866667,75,5000,165,1,164.44,0.763,124,0.988,0.05,20,0,0,-,Belum ditandai,unset,0.3,1,0,
2026-06-17T02:13:01.332,429349,447,0.364266667,0.5312,0.094866667,75,5000,165,1,164.54,0.756,123,0.988,0.05,20,0,0,-,Belum ditandai,unset,0.3,1,0,
2026-06-17T02:13:01.834,429874,448,0.3622,0.530666667,0.093933333,75,5000,165,1,164.54,0.756,123,0.988,0.05,20,0,0,-,Belum ditandai,unset,0.3,1,0,
2026-06-17T02:13:02.334,430344,452,0.363666667,0.531266667,0.0954,75,5000,165,1,164.52,0.757,123,0.987,0.05,20,0,0,-,Belum ditandai,unset,0.3,1,0,
2026-06-17T02:13:02.837,430869,475,0.363666667,0.5314,0.096533333,75,5000,165,1,164.52,0.757,123,0.987,0.05,20,0,0,-,Belum ditandai,unset,0.3,1,0,
2026-06-17T02:13:03.402,431391,464,0.364266667,0.5316,0.096066667,75,5000,165,1,164.52,0.754,122,0.983,0.05,20,0,0,-,Belum ditandai,unset,0.3,1,0,
2026-06-17T02:13:04.026,432021,446,0.3614,0.529333333,0.090333333,75,5000,165,1,164.52,0.754,122,0.983,0.05,20,0,0,-,Belum ditandai,unset,0.3,1,0,
2026-06-17T02:13:04.587,432583,443,0.361,0.5282,0.087733333,75,5000,165,1,164.55,0.753,122,0.984,0.05,20,0,0,-,Belum ditandai,unset,0.3,1,0,
2026-06-17T02:13:05.092,433108,447,0.3606,0.528666667,0.0882,75,5000,165,1,164.55,0.753,122,0.984,0.05,20,0,0,-,Belum ditandai,unset,0.3,1,0,
2026-06-17T02:13:05.591,433587,441,0.362,0.529733333,0.091066667,75,5000,165,1,164.56,0.751,122,0.987,0.05,20,0,0,-,Belum ditandai,unset,0.3,1,0,
2026-06-17T02:13:06.093,434112,450,0.361733333,0.529933333,0.091666667,75,5000,165,1,164.56,0.751,122,0.987,0.05,20,0,0,-,Belum ditandai,unset,0.3,1,0,
2026-06-17T02:13:06.593,434592,400,0.359866667,0.5298,0.091866667,75,5000,165,1,164.57,0.748,121,0.982,0.05,20,0,0,-,Belum ditandai,unset,0.3,1,0,
2026-06-17T02:13:07.097,435117,451,0.358933333,0.529066667,0.090266667,75,5000,165,1,164.57,0.748,121,0.982,0.05,20,0,0,-,Belum ditandai,unset,0.3,1,0,
2026-06-17T02:13:07.660,435701,430,0.357266667,0.5292,0.089933333,75,5000,165,1,164.52,0.75,122,0.988,0.05,20,0,0,-,Belum ditandai,unset,0.3,1,0,
2026-06-17T02:13:08.286,436285,447,0.355933333,0.527933333,0.088666667,75,5000,165,1,164.56,0.75,122,0.988,0.05,20,0,0,-,Belum ditandai,unset,0.3,1,0,
2026-06-17T02:13:08.785,436810,467,0.355933333,0.5276,0.088266667,75,5000,165,1,164.56,0.75,122,0.988,0.05,20,0,0,-,Belum ditandai,unset,0.3,1,0,
2026-06-17T02:13:09.283,437289,474,0.357333333,0.527466667,0.0878,75,5000,165,1,164.51,0.753,122,0.984,0.05,20,0,0,-,Belum ditandai,unset,0.3,1,0,
2026-06-17T02:13:09.788,437815,447,0.3586,0.527733333,0.0868,75,5000,165,1,164.51,0.753,122,0.984,0.05,20,0,0,-,Belum ditandai,unset,0.3,1,0,
2026-06-17T02:13:10.286,438293,440,0.36,0.528,0.087266667,75,5000,165,1,164.51,0.754,122,0.983,0.05,20,0,0,-,Belum ditandai,unset,0.3,1,0,
2026-06-17T02:13:10.785,438819,443,0.359133333,0.528333333,0.0888,75,5000,165,1,164.51,0.754,122,0.983,0.05,20,0,0,-,Belum ditandai,unset,0.3,1,0,
2026-06-17T02:13:11.284,439298,448,0.3604,0.528933333,0.089866667,75,5000,165,1,164.55,0.752,122,0.985,0.05,20,0,0,-,Belum ditandai,unset,0.3,1,0,
2026-06-17T02:13:11.786,439823,448,0.360333333,0.5296,0.0918,75,5000,165,1,164.55,0.752,122,0.985,0.05,20,0,0,-,Belum ditandai,unset,0.3,1,0,
2026-06-17T02:13:12.287,440302,443,0.360533333,0.5292,0.0916,75,5000,165,1,164.54,0.75,122,0.988,0.05,20,0,0,-,Belum ditandai,unset,0.3,1,0,
2026-06-17T02:13:12.786,440828,442,0.360066667,0.5298,0.0932,75,5000,165,1,164.54,0.75,122,0.988,0.05,20,0,0,-,Belum ditandai,unset,0.3,1,0,
2026-06-17T02:13:13.353,441412,441,0.358933333,0.53,0.0928,75,5000,165,1,164.56,0.749,121,0.981,0.05,20,0,0,-,Belum ditandai,unset,0.3,1,0,
2026-06-17T02:13:13.916,441937,451,0.361533333,0.5312,0.094933333,75,5000,165,1,164.56,0.749,121,0.981,0.05,20,0,0,-,Belum ditandai,unset,0.3,1,0,
2026-06-17T02:13:14.480,442522,448,0.36,0.530333333,0.092133333,75,5000,165,1,164.55,0.745,121,0.987,0.05,20,0,0,-,Belum ditandai,unset,0.3,1,0,
2026-06-17T02:13:14.976,443047,452,0.361133333,0.5308,0.0936,75,5000,165,1,164.55,0.745,121,0.987,0.05,20,0,0,-,Belum ditandai,unset,0.3,1,0,
2026-06-17T02:13:15.479,443526,455,0.361866667,0.531733333,0.095533333,75,5000,165,1,164.58,0.743,121,0.989,0.05,20,0,0,-,Belum ditandai,unset,0.3,1,0,
2026-06-17T02:13:15.979,444051,455,0.360133333,0.531666667,0.097666667,75,5000,165,1,164.58,0.743,121,0.989,0.05,20,0,0,-,Belum ditandai,unset,0.3,1,0,
2026-06-17T02:13:16.481,444531,461,0.3596,0.531,0.095666667,75,5000,165,1,164.61,0.745,121,0.986,0.05,20,0,0,-,Belum ditandai,unset,0.3,1,0,
2026-06-17T02:13:16.982,445056,460,0.359266667,0.5298,0.092266667,75,5000,165,1,164.61,0.745,121,0.986,0.05,20,0,0,-,Belum ditandai,unset,0.3,1,0,
2026-06-17T02:13:17.483,445535,447,0.358266667,0.528,0.086933333,75,5000,165,1,164.58,0.756,123,0.988,0.05,20,0,0,-,Belum ditandai,unset,0.3,1,0,
2026-06-17T02:13:17.981,446060,437,0.3568,0.5264,0.081933333,75,5000,165,1,164.58,0.756,123,0.988,0.05,20,0,0,-,Belum ditandai,unset,0.3,1,0,
2026-06-17T02:13:18.603,446644,440,0.356066667,0.525066667,0.078733333,75,5000,165,1,164.56,0.758,123,0.986,0.05,20,0,0,-,Belum ditandai,unset,0.3,1,0,
2026-06-17T02:13:19.103,447169,441,0.358,0.525333333,0.0794,75,5000,165,1,164.56,0.758,123,0.986,0.05,20,0,0,-,Belum ditandai,unset,0.3,1,0,
2026-06-17T02:13:19.605,447649,448,0.359466667,0.525733333,0.080533333,75,5000,165,1,164.53,0.763,124,0.987,0.05,20,0,0,-,Belum ditandai,unset,0.3,1,0,
2026-06-17T02:13:20.105,448174,434,0.357866667,0.5258,0.079866667,75,5000,165,1,164.53,0.763,124,0.987,0.05,20,0,0,-,Belum ditandai,unset,0.3,1,0,
2026-06-17T02:13:20.606,448653,444,0.359866667,0.5256,0.080266667,75,5000,165,1,164.55,0.763,124,0.987,0.05,20,0,0,-,Belum ditandai,unset,0.3,1,0,
2026-06-17T02:13:21.107,449178,452,0.360266667,0.525066667,0.078466667,75,5000,165,1,164.55,0.763,124,0.987,0.05,20,0,0,-,Belum ditandai,unset,0.3,1,0,
2026-06-17T02:13:21.607,449658,439,0.362066667,0.5254,0.0802,75,5000,165,1,164.53,0.764,124,0.986,0.05,20,0,0,-,Belum ditandai,unset,0.3,1,0,
2026-06-17T02:13:22.110,450183,437,0.362,0.526533333,0.082733333,75,5000,165,1,164.53,0.764,124,0.986,0.05,20,0,0,-,Belum ditandai,unset,0.3,1,0,
2026-06-17T02:13:22.610,450662,400,0.360133333,0.527133333,0.085466667,75,5000,165,1,164.53,0.755,122,0.982,0.05,20,0,0,-,Belum ditandai,unset,0.3,1,0,
2026-06-17T02:13:23.106,451187,441,0.3592,0.526533333,0.0842,75,5000,165,1,164.53,0.755,122,0.982,0.05,20,0,0,-,Belum ditandai,unset,0.3,1,0,
2026-06-17T02:13:23.606,451667,454,0.358933333,0.525333333,0.082666667,75,5000,165,1,164.52,0.756,122,0.98,0.05,20,0,0,-,Belum ditandai,unset,0.3,1,0,
2026-06-17T02:13:24.106,452192,457,0.358066667,0.525933333,0.082933333,75,5000,165,1,164.52,0.756,122,0.98,0.05,20,0,0,-,Belum ditandai,unset,0.3,1,0,
2026-06-17T02:13:24.669,452776,457,0.361533333,0.526533333,0.0842,75,5000,165,1,164.53,0.754,122,0.983,0.05,20,0,0,-,Belum ditandai,unset,0.3,1,0,
2026-06-17T02:13:25.293,453360,469,0.362933333,0.528866667,0.0882,75,5000,165,1,164.55,0.752,122,0.985,0.05,20,0,0,-,Belum ditandai,unset,0.3,1,0,
2026-06-17T02:13:25.916,453991,439,0.360866667,0.5288,0.087133333,75,5000,165,1,164.55,0.752,122,0.985,0.05,20,0,0,-,Belum ditandai,unset,0.3,1,0,
2026-06-17T02:13:26.479,454575,444,0.361133333,0.528933333,0.0888,75,5000,165,1,164.56,0.749,121,0.981,0.05,20,0,0,-,Belum ditandai,unset,0.3,1,0,
2026-06-17T02:13:27.101,455205,446,0.362466667,0.527,0.085733333,75,5000,165,1,164.56,0.749,121,0.981,0.05,20,0,0,-,Belum ditandai,unset,0.3,1,0,
2026-06-17T02:13:27.602,455685,465,0.361866667,0.5264,0.084933333,75,5000,165,1,164.57,0.746,121,0.985,0.05,20,0,0,-,Belum ditandai,unset,0.3,1,0,
2026-06-17T02:13:28.107,456210,451,0.361333333,0.526533333,0.085066667,75,5000,165,1,164.57,0.746,121,0.985,0.05,20,0,0,-,Belum ditandai,unset,0.3,1,0,
2026-06-17T02:13:28.607,456689,457,0.3572,0.526666667,0.0838,75,5000,165,1,164.56,0.745,121,0.986,0.05,20,0,0,-,Belum ditandai,unset,0.3,1,0,
2026-06-17T02:13:29.106,457214,458,0.358666667,0.527866667,0.086533333,75,5000,165,1,164.56,0.745,121,0.986,0.05,20,0,0,-,Belum ditandai,unset,0.3,1,0,
2026-06-17T02:13:29.606,457694,439,0.357733333,0.5278,0.0858,75,5000,165,1,164.56,0.746,121,0.985,0.05,20,0,0,-,Belum ditandai,unset,0.3,1,0,
2026-06-17T02:13:30.106,458219,446,0.3618,0.5288,0.088333333,75,5000,165,1,164.56,0.746,121,0.985,0.05,20,0,0,-,Belum ditandai,unset,0.3,1,0,
2026-06-17T02:13:30.607,458698,453,0.360266667,0.528733333,0.0888,75,5000,165,1,164.55,0.745,121,0.987,0.05,20,0,0,-,Belum ditandai,unset,0.3,1,0,
2026-06-17T02:13:31.104,459223,450,0.359,0.528933333,0.088533333,75,5000,165,1,164.55,0.745,121,0.987,0.05,20,0,0,-,Belum ditandai,unset,0.3,1,0,
2026-06-17T02:13:31.728,459808,432,0.359533333,0.529266667,0.089,75,5000,165,1,164.56,0.745,121,0.986,0.05,20,0,0,-,Belum ditandai,unset,0.3,1,0,
2026-06-17T02:13:32.289,460392,450,0.361866667,0.528866667,0.087533333,75,5000,165,1,164.55,0.744,121,0.988,0.05,20,0,0,-,Belum ditandai,unset,0.3,1,0,
2026-06-17T02:13:32.790,460917,448,0.361666667,0.5288,0.087866667,75,5000,165,1,164.55,0.744,121,0.988,0.05,20,0,0,-,Belum ditandai,unset,0.3,1,0,
2026-06-17T02:13:33.290,461396,448,0.3612,0.529066667,0.09,75,5000,165,1,164.56,0.742,120,0.982,0.05,20,0,0,-,Belum ditandai,unset,0.3,1,0,
2026-06-17T02:13:33.789,461922,458,0.3626,0.5292,0.0906,75,5000,165,1,164.56,0.742,120,0.982,0.05,20,0,0,-,Belum ditandai,unset,0.3,1,0,
2026-06-17T02:13:34.288,462401,459,0.361933333,0.529133333,0.0908,75,5000,165,1,164.59,0.742,120,0.982,0.05,20,0,0,-,Belum ditandai,unset,0.3,1,0,
2026-06-17T02:13:34.787,462926,474,0.363933333,0.529266667,0.09,75,5000,165,1,164.59,0.742,120,0.982,0.05,20,0,0,-,Belum ditandai,unset,0.3,1,0,
2026-06-17T02:13:35.288,463395,450,0.3638,0.5294,0.0908,75,5000,165,1,164.6,0.74,120,0.985,0.05,20,0,0,-,Belum ditandai,unset,0.3,1,0,
2026-06-17T02:13:35.787,463921,431,0.3638,0.530266667,0.093333333,75,5000,165,1,164.6,0.74,120,0.985,0.05,20,0,0,-,Belum ditandai,unset,0.3,1,0,
2026-06-17T02:13:36.288,464443,436,0.361733333,0.5296,0.0922,75,5000,165,1,164.63,0.739,120,0.986,0.05,20,0,0,-,Belum ditandai,unset,0.3,1,0,
2026-06-17T02:13:36.850,464968,451,0.3614,0.5292,0.0902,75,5000,165,1,164.63,0.739,120,0.986,0.05,20,0,0,-,Belum ditandai,unset,0.3,1,0,
2026-06-17T02:13:37.413,465530,450,0.3614,0.5292,0.089133333,75,5000,165,1,164.63,0.74,120,0.985,0.05,20,0,0,-,Belum ditandai,unset,0.3,1,0,
2026-06-17T02:13:37.915,466055,481,0.364066667,0.5304,0.0916,75,5000,165,1,164.63,0.74,120,0.985,0.05,20,0,0,-,Belum ditandai,unset,0.3,1,0,
2026-06-17T02:13:38.417,466534,449,0.363066667,0.530666667,0.0926,75,5000,165,1,164.62,0.742,120,0.982,0.05,20,0,0,-,Belum ditandai,unset,0.3,1,0,
2026-06-17T02:13:39.044,467164,449,0.365,0.5308,0.0936,75,5000,165,1,164.62,0.742,120,0.982,0.05,20,0,0,-,Belum ditandai,unset,0.3,1,0,
2026-06-17T02:13:39.604,467739,446,0.3626,0.530666667,0.093066667,75,5000,165,1,164.63,0.741,120,0.983,0.05,20,0,0,-,Belum ditandai,unset,0.3,1,0,
2026-06-17T02:13:40.104,468264,437,0.360733333,0.530533333,0.0924,75,5000,165,1,164.63,0.741,120,0.983,0.05,20,0,0,-,Belum ditandai,unset,0.3,1,0,
2026-06-17T02:13:40.625,468786,449,0.358866667,0.529333333,0.090333333,75,5000,165,1,164.68,0.738,120,0.987,0.05,20,0,0,-,Belum ditandai,unset,0.3,1,0,
2026-06-17T02:13:41.184,469311,447,0.361333333,0.5286,0.089733333,75,5000,165,1,164.68,0.738,120,0.987,0.05,20,0,0,-,Belum ditandai,unset,0.3,1,0,
2026-06-17T02:13:41.730,469873,457,0.363066667,0.5292,0.0912,75,5000,165,1,164.65,0.738,120,0.987,0.05,20,0,0,-,Belum ditandai,unset,0.3,1,0,
2026-06-17T02:13:42.288,470457,435,0.362266667,0.529533333,0.090866667,75,5000,165,1,164.66,0.737,119,0.98,0.05,20,0,0,-,Belum ditandai,unset,0.3,1,0,
2026-06-17T02:13:42.804,470982,453,0.361666667,0.5308,0.093066667,75,5000,165,1,164.66,0.737,119,0.98,0.05,20,0,0,-,Belum ditandai,unset,0.3,1,0,
2026-06-17T02:13:43.299,471451,438,0.361666667,0.5302,0.091933333,75,5000,165,1,164.65,0.738,120,0.987,0.05,20,0,0,-,Belum ditandai,unset,0.3,1,0,
2026-06-17T02:13:43.822,471977,467,0.363333333,0.530333333,0.093133333,75,5000,165,1,164.65,0.738,120,0.987,0.05,20,0,0,-,Belum ditandai,unset,0.3,1,0,
2026-06-17T02:13:44.357,472499,451,0.3624,0.529466667,0.0908,75,5000,165,1,164.68,0.737,120,0.988,0.05,20,0,0,-,Belum ditandai,unset,0.3,1,0,
2026-06-17T02:13:44.877,473024,442,0.3632,0.529266667,0.0906,75,5000,165,1,164.68,0.737,120,0.988,0.05,20,0,0,-,Belum ditandai,unset,0.3,1,0,
2026-06-17T02:13:45.410,473586,425,0.359666667,0.528,0.086733333,75,5000,165,1,164.65,0.736,119,0.981,0.05,20,0,0,-,Belum ditandai,unset,0.3,1,0,
2026-06-17T02:13:45.926,474111,440,0.360666667,0.5274,0.084733333,75,5000,165,1,164.65,0.736,119,0.981,0.05,20,0,0,-,Belum ditandai,unset,0.3,1,0,
2026-06-17T02:13:46.524,474695,439,0.357133333,0.5268,0.0844,75,5000,165,1,164.69,0.735,119,0.983,0.05,20,0,0,-,Belum ditandai,unset,0.3,1,0,
2026-06-17T02:13:47.087,475220,455,0.359266667,0.528466667,0.088866667,75,5000,165,1,164.69,0.735,119,0.983,0.05,20,0,0,-,Belum ditandai,unset,0.3,1,0,
2026-06-17T02:13:47.663,475805,455,0.360533333,0.53,0.093466667,75,5000,165,1,164.7,0.736,119,0.981,0.05,20,0,0,-,Belum ditandai,unset,0.3,1,0,
2026-06-17T02:13:48.180,476330,446,0.363,0.5312,0.0948,75,5000,165,1,164.7,0.736,119,0.981,0.05,20,0,0,-,Belum ditandai,unset,0.3,1,0,
2026-06-17T02:13:48.738,476914,443,0.361266667,0.531066667,0.0938,75,5000,165,1,164.72,0.736,119,0.981,0.05,20,0,0,-,Belum ditandai,unset,0.3,1,0,
2026-06-17T02:13:49.301,477498,447,0.3614,0.5318,0.095733333,75,5000,165,1,164.67,0.735,119,0.983,0.05,20,0,0,-,Belum ditandai,unset,0.3,1,0,
2026-06-17T02:13:49.845,478024,459,0.3626,0.5328,0.098133333,75,5000,165,1,164.67,0.735,119,0.983,0.05,20,0,0,-,Belum ditandai,unset,0.3,1,0,
2026-06-17T02:13:50.342,478502,448,0.364066667,0.5332,0.0998,75,5000,165,1,164.71,0.735,119,0.982,0.05,20,0,0,-,Belum ditandai,unset,0.3,1,0,
2026-06-17T02:13:50.943,479133,446,0.3624,0.530266667,0.092533333,75,5000,165,1,164.71,0.735,119,0.982,0.05,20,0,0,-,Belum ditandai,unset,0.3,1,0,
2026-06-17T02:13:51.434,479612,453,0.360866667,0.528933333,0.088533333,75,5000,165,1,164.69,0.735,119,0.983,0.05,20,0,0,-,Belum ditandai,unset,0.3,1,0,
2026-06-17T02:13:51.972,480137,450,0.360333333,0.528733333,0.089466667,75,5000,165,1,164.69,0.735,119,0.983,0.05,20,0,0,-,Belum ditandai,unset,0.3,1,0,
2026-06-17T02:13:52.563,480722,444,0.3604,0.529466667,0.0902,75,5000,165,1,164.68,0.736,119,0.981,0.05,20,0,0,-,Belum ditandai,unset,0.3,1,0,
2026-06-17T02:13:53.064,481247,399,0.359733333,0.5302,0.093266667,75,5000,165,1,164.68,0.736,119,0.981,0.05,20,0,0,-,Belum ditandai,unset,0.3,1,0,
2026-06-17T02:13:53.563,481726,449,0.3608,0.53,0.091333333,75,5000,165,1,164.67,0.74,120,0.984,0.05,20,0,0,-,Belum ditandai,unset,0.3,1,0,
2026-06-17T02:13:54.155,482356,443,0.3608,0.529066667,0.090066667,75,5000,165,1,164.67,0.74,120,0.984,0.05,20,0,0,-,Belum ditandai,unset,0.3,1,0,
2026-06-17T02:13:54.724,482941,470,0.363266667,0.529533333,0.091066667,80,5000,176,1,164.63,0.737,120,0.989,0.05,20,0,0,-,Belum ditandai,unset,0.3,1,0,
2026-06-17T02:13:55.343,483524,459,0.3658,0.534933333,0.106866667,80,5000,176,1,174.63,0.74,128,0.99,0.05,20,0,0,-,Belum ditandai,unset,0.3,1,0,
2026-06-17T02:13:55.854,484050,462,0.3662,0.539866667,0.120066667,80,5000,176,1,174.63,0.74,128,0.99,0.05,20,0,0,-,Belum ditandai,unset,0.3,1,0,
2026-06-17T02:13:56.349,484529,463,0.369533333,0.5438,0.1314,80,5000,176,1,175.1,0.732,127,0.99,0.05,20,0,0,-,Belum ditandai,unset,0.3,1,0,
2026-06-17T02:13:56.855,485055,463,0.37,0.544066667,0.132333333,80,5000,176,1,175.1,0.732,127,0.99,0.05,20,0,0,-,Belum ditandai,unset,0.3,1,0,
2026-06-17T02:13:57.418,485639,468,0.3734,0.5442,0.131866667,80,5000,176,1,175.09,0.732,127,0.99,0.05,20,0,0,-,Belum ditandai,unset,0.3,1,0,
2026-06-17T02:13:57.995,486164,459,0.373466667,0.5442,0.1322,80,5000,176,1,175.09,0.732,127,0.99,0.05,20,0,0,-,Belum ditandai,unset,0.3,1,0,
2026-06-17T02:13:58.556,486749,462,0.3726,0.543933333,0.132066667,80,5000,176,1,175.09,0.733,127,0.989,0.05,20,0,0,-,Belum ditandai,unset,0.3,1,0,
2026-06-17T02:13:59.059,487274,415,0.3686,0.543733333,0.132066667,80,5000,176,1,175.09,0.733,127,0.989,0.05,20,0,0,-,Belum ditandai,unset,0.3,1,0,
2026-06-17T02:13:59.642,487858,465,0.369866667,0.544333333,0.133533333,80,5000,176,1,175.08,0.733,127,0.989,0.05,20,0,0,-,Belum ditandai,unset,0.3,1,0,
2026-06-17T02:14:00.177,488383,452,0.369466667,0.543533333,0.130866667,80,5000,176,1,175.08,0.733,127,0.989,0.05,20,0,0,-,Belum ditandai,unset,0.3,1,0,
2026-06-17T02:14:00.740,488967,462,0.372333333,0.543733333,0.1316,80,5000,176,1,175.04,0.733,127,0.989,0.05,20,0,0,-,Belum ditandai,unset,0.3,1,0,
2026-06-17T02:14:01.340,489551,465,0.371066667,0.5434,0.1304,80,5000,176,1,175.05,0.733,127,0.989,0.05,20,0,0,-,Belum ditandai,unset,0.3,1,0,
2026-06-17T02:14:01.858,490077,459,0.3708,0.544,0.131466667,80,5000,176,1,175.05,0.733,127,0.989,0.05,20,0,0,-,Belum ditandai,unset,0.3,1,0,
2026-06-17T02:14:02.423,490661,467,0.370666667,0.5438,0.1302,85,5000,187,1,175.07,0.734,127,0.988,0.05,20,0,0,-,Belum ditandai,unset,0.3,1,0,
2026-06-17T02:14:02.963,491186,470,0.3722,0.545466667,0.135266667,85,5000,187,1,175.07,0.734,127,0.988,0.05,20,0,0,-,Belum ditandai,unset,0.3,1,0,
2026-06-17T02:14:03.465,491666,471,0.374666667,0.5478,0.1424,85,5000,187,1,185.61,0.729,134,0.99,0.05,20,0,0,-,Belum ditandai,unset,0.3,1,0,
2026-06-17T02:14:03.970,492191,467,0.3772,0.550066667,0.149866667,85,5000,187,1,185.61,0.729,134,0.99,0.05,20,0,0,-,Belum ditandai,unset,0.3,1,0,
2026-06-17T02:14:04.543,492775,463,0.377,0.5502,0.1508,85,5000,187,1,185.61,0.731,135,0.994,0.05,20,0,0,-,Belum ditandai,unset,0.3,1,0,
2026-06-17T02:14:05.079,493300,458,0.375733333,0.549666667,0.1494,85,5000,187,1,185.61,0.731,135,0.994,0.05,20,0,0,-,Belum ditandai,unset,0.3,1,0,
2026-06-17T02:14:05.665,493885,448,0.374666667,0.549266667,0.1482,85,5000,187,1,185.59,0.731,135,0.995,0.05,20,0,0,-,Belum ditandai,unset,0.3,1,0,
2026-06-17T02:14:06.190,494410,467,0.3744,0.549666667,0.149,85,5000,187,1,185.59,0.731,135,0.995,0.05,20,0,0,-,Belum ditandai,unset,0.3,1,0,
2026-06-17T02:14:06.752,494994,468,0.374466667,0.549533333,0.148466667,85,5000,187,1,185.64,0.732,135,0.993,0.05,20,0,0,-,Belum ditandai,unset,0.3,1,0,
2026-06-17T02:14:07.364,495578,467,0.375266667,0.550066667,0.1502,85,5000,187,1,185.63,0.73,134,0.988,0.05,20,0,0,-,Belum ditandai,unset,0.3,1,0,
2026-06-17T02:14:07.870,496103,465,0.375066667,0.550133333,0.1508,85,5000,187,1,185.63,0.73,134,0.988,0.05,20,0,0,-,Belum ditandai,unset,0.3,1,0,
2026-06-17T02:14:08.439,496688,469,0.375733333,0.550533333,0.153333333,90,5000,198,1,185.66,0.73,134,0.988,0.05,20,0,0,-,Belum ditandai,unset,0.3,1,0,
2026-06-17T02:14:08.969,497213,477,0.377666667,0.5522,0.1582,90,5000,198,1,185.66,0.73,134,0.988,0.05,20,0,0,-,Belum ditandai,unset,0.3,1,0,
2026-06-17T02:14:09.471,497692,468,0.378466667,0.553266667,0.161333333,90,5000,198,1,196.48,0.734,144,0.998,0.05,20,0,0,-,Belum ditandai,unset,0.3,1,0,
2026-06-17T02:14:09.969,498217,472,0.378666667,0.554866667,0.164866667,90,5000,198,1,196.48,0.734,144,0.998,0.05,20,0,0,-,Belum ditandai,unset,0.3,1,0,
2026-06-17T02:14:10.469,498697,470,0.377733333,0.5548,0.164466667,90,5000,198,1,196.56,0.736,144,0.995,0.05,20,0,0,-,Belum ditandai,unset,0.3,1,0,
2026-06-17T02:14:10.973,499222,474,0.376666667,0.555,0.1652,90,5000,198,1,196.56,0.736,144,0.995,0.05,20,0,0,-,Belum ditandai,unset,0.3,1,0,
2026-06-17T02:14:11.471,499701,472,0.376933333,0.554733333,0.164466667,90,5000,198,1,196.58,0.734,144,0.997,0.05,20,0,0,-,Belum ditandai,unset,0.3,1,0,
2026-06-17T02:14:12.065,500331,469,0.378333333,0.5558,0.1678,90,5000,198,1,196.58,0.734,144,0.997,0.05,20,0,0,-,Belum ditandai,unset,0.3,1,0,
2026-06-17T02:14:12.651,500916,469,0.379133333,0.555333333,0.166266667,90,5000,198,1,196.54,0.733,143,0.992,0.05,20,0,0,-,Belum ditandai,unset,0.3,1,0,
2026-06-17T02:14:13.191,501441,465,0.3788,0.554666667,0.1648,90,5000,198,1,196.54,0.733,143,0.992,0.05,20,0,0,-,Belum ditandai,unset,0.3,1,0,
2026-06-17T02:14:13.780,502025,466,0.378133333,0.554066667,0.1632,90,5000,198,1,196.53,0.734,143,0.991,0.05,20,0,0,-,Belum ditandai,unset,0.3,1,0,
2026-06-17T02:14:14.355,502609,473,0.3778,0.554133333,0.163066667,90,5000,198,1,196.49,0.732,143,0.994,0.05,20,0,0,-,Belum ditandai,unset,0.3,1,0,
2026-06-17T02:14:14.880,503135,473,0.377866667,0.554466667,0.163066667,90,5000,198,1,196.49,0.732,143,0.994,0.05,20,0,0,-,Belum ditandai,unset,0.3,1,0,
2026-06-17T02:14:15.376,503613,489,0.379266667,0.5552,0.165,95,5000,209,1,196.47,0.734,144,0.998,0.05,20,0,0,-,Belum ditandai,unset,0.3,1,0,
2026-06-17T02:14:15.993,504244,470,0.380466667,0.556733333,0.169533333,95,5000,209,1,196.47,0.734,144,0.998,0.05,20,0,0,-,Belum ditandai,unset,0.3,1,0,
2026-06-17T02:14:16.556,504828,470,0.3812,0.5566,0.1698,95,5000,209,1,207.57,0.748,155,0.998,0.05,20,0,0,-,Belum ditandai,unset,0.3,1,0,
2026-06-17T02:14:17.075,505353,468,0.3806,0.556,0.168333333,95,5000,209,1,207.57,0.748,155,0.998,0.05,20,0,0,-,Belum ditandai,unset,0.3,1,0,
2026-06-17T02:14:17.667,505938,471,0.379533333,0.556,0.1684,95,5000,209,1,207.56,0.749,155,0.997,0.05,20,0,0,-,Belum ditandai,unset,0.3,1,0,
2026-06-17T02:14:18.204,506463,473,0.379866667,0.557466667,0.1726,95,5000,209,1,207.56,0.749,155,0.997,0.05,20,0,0,-,Belum ditandai,unset,0.3,1,0,
2026-06-17T02:14:18.780,507047,476,0.380466667,0.5578,0.173733333,95,5000,209,1,207.52,0.75,155,0.995,0.05,20,0,0,-,Belum ditandai,unset,0.3,1,0,
2026-06-17T02:14:19.371,507636,474,0.380933333,0.557266667,0.1724,95,5000,209,1,207.48,0.748,155,0.998,0.05,20,0,0,-,Belum ditandai,unset,0.3,1,0,
