pc_timestamp,elapsed_s,setpoint,pressure,error,delta_pressure,prev_duty,voltage_rms,duty_next_percent,duty_percent,estimated_output_rms_v,jsy_voltage_rms_v,valve_open_count,valve_state_label,valve_phase,safety_rule_applied,operation_region,ignored_features_note
2026-06-05 22:15:20.285,137.561,0.85,0.0853333333333333,0.7646666666666667,0.0,80.0,151.09,95.0,80.0,176.0,151.09,4,4 keran stabil,stable,False,training_ge80_to_95,valve_open_count dan current tidak dipakai sebagai input model STM32
2026-06-05 22:15:20.876,138.152,0.85,0.1343333333333333,0.7156666666666667,0.049,80.0,167.75,95.0,80.0,176.0,167.75,4,4 keran stabil,stable,False,training_ge80_to_95,valve_open_count dan current tidak dipakai sebagai input model STM32
2026-06-05 22:15:21.374,138.65,0.85,0.1796,0.6704,0.045266666666666705,80.0,167.75,95.0,80.0,176.0,167.75,4,4 keran stabil,stable,False,training_ge80_to_95,valve_open_count dan current tidak dipakai sebagai input model STM32
2026-06-05 22:15:21.873,139.149,0.85,0.2092,0.6408,0.029599999999999987,80.0,171.14,95.0,80.0,176.0,171.14,4,4 keran stabil,stable,False,training_ge80_to_95,valve_open_count dan current tidak dipakai sebagai input model STM32
2026-06-05 22:15:22.433,139.709,0.85,0.204,0.646,-0.00520000000000001,80.0,171.14,95.0,80.0,176.0,171.14,4,4 keran stabil,stable,False,training_ge80_to_95,valve_open_count dan current tidak dipakai sebagai input model STM32
2026-06-05 22:15:22.994,140.27,0.85,0.1983333333333333,0.6516666666666666,-0.005666666666666681,80.0,171.09,95.0,80.0,176.0,171.09,4,4 keran stabil,stable,False,training_ge80_to_95,valve_open_count dan current tidak dipakai sebagai input model STM32
2026-06-05 22:15:23.493,140.769,0.85,0.1885333333333333,0.6614666666666666,-0.009800000000000003,80.0,171.09,95.0,80.0,176.0,171.09,4,4 keran stabil,stable,False,training_ge80_to_95,valve_open_count dan current tidak dipakai sebagai input model STM32
2026-06-05 22:15:23.991,141.267,0.85,0.1886666666666666,0.6613333333333333,0.0001333333333332909,80.0,171.28,95.0,80.0,176.0,171.28,4,4 keran stabil,stable,False,training_ge80_to_95,valve_open_count dan current tidak dipakai sebagai input model STM32
2026-06-05 22:15:24.492,141.768,0.85,0.1924666666666666,0.6575333333333334,0.003799999999999998,80.0,171.28,95.0,80.0,176.0,171.28,4,4 keran stabil,stable,False,training_ge80_to_95,valve_open_count dan current tidak dipakai sebagai input model STM32
2026-06-05 22:15:25.032,142.308,0.85,0.196,0.6539999999999999,0.003533333333333416,80.0,171.25,95.0,80.0,176.0,171.25,4,4 keran stabil,stable,False,training_ge80_to_95,valve_open_count dan current tidak dipakai sebagai input model STM32
2026-06-05 22:15:25.552,142.828,0.85,0.1966,0.6534,0.0005999999999999894,80.0,171.25,95.0,80.0,176.0,171.25,4,4 keran stabil,stable,False,training_ge80_to_95,valve_open_count dan current tidak dipakai sebagai input model STM32
2026-06-05 22:15:26.072,143.348,0.85,0.1969333333333333,0.6530666666666667,0.0003333333333332966,80.0,171.2,95.0,80.0,176.0,171.2,4,4 keran stabil,stable,False,training_ge80_to_95,valve_open_count dan current tidak dipakai sebagai input model STM32
2026-06-05 22:15:26.607,143.883,0.85,0.1986666666666666,0.6513333333333333,0.001733333333333309,80.0,171.2,95.0,80.0,176.0,171.2,4,4 keran stabil,stable,False,training_ge80_to_95,valve_open_count dan current tidak dipakai sebagai input model STM32
2026-06-05 22:15:27.167,144.443,0.85,0.2025333333333333,0.6474666666666666,0.003866666666666685,80.0,171.19,95.0,80.0,176.0,171.19,4,4 keran stabil,stable,False,training_ge80_to_95,valve_open_count dan current tidak dipakai sebagai input model STM32
2026-06-05 22:15:27.725,145.001,0.85,0.1992,0.6508,-0.0033333333333332993,80.0,171.19,95.0,80.0,176.0,171.19,4,4 keran stabil,stable,False,training_ge80_to_95,valve_open_count dan current tidak dipakai sebagai input model STM32
2026-06-05 22:15:28.224,145.5,0.85,0.2047333333333333,0.6452666666666667,0.005533333333333307,80.0,171.17,95.0,80.0,176.0,171.17,4,4 keran stabil,stable,False,training_ge80_to_95,valve_open_count dan current tidak dipakai sebagai input model STM32
2026-06-05 22:15:28.787,146.063,0.85,0.2033333333333333,0.6466666666666667,-0.0013999999999999846,80.0,171.22,95.0,80.0,176.0,171.22,4,4 keran stabil,stable,False,training_ge80_to_95,valve_open_count dan current tidak dipakai sebagai input model STM32
2026-06-05 22:15:29.347,146.623,0.85,0.2021333333333333,0.6478666666666667,-0.0012000000000000066,80.0,171.22,95.0,80.0,176.0,171.22,4,4 keran stabil,stable,False,training_ge80_to_95,valve_open_count dan current tidak dipakai sebagai input model STM32
2026-06-05 22:15:29.910,147.186,0.85,0.1969333333333333,0.6530666666666667,-0.00520000000000001,80.0,171.25,95.0,80.0,176.0,171.25,4,4 keran stabil,stable,False,training_ge80_to_95,valve_open_count dan current tidak dipakai sebagai input model STM32
2026-06-05 22:15:30.440,147.716,0.85,0.1971333333333333,0.6528666666666667,0.00020000000000000573,80.0,171.25,95.0,80.0,176.0,171.25,4,4 keran stabil,stable,False,training_ge80_to_95,valve_open_count dan current tidak dipakai sebagai input model STM32
2026-06-05 22:15:31.028,148.304,0.85,0.2015333333333333,0.6484666666666667,0.004399999999999987,80.0,171.26,95.0,80.0,176.0,171.26,3,3 keran stabil,stable,False,training_ge80_to_95,valve_open_count dan current tidak dipakai sebagai input model STM32
2026-06-05 22:15:31.579,148.855,0.85,0.209,0.641,0.007466666666666705,80.0,171.26,95.0,80.0,176.0,171.26,3,3 keran stabil,stable,False,training_ge80_to_95,valve_open_count dan current tidak dipakai sebagai input model STM32
2026-06-05 22:15:32.139,149.415,0.85,0.2106666666666666,0.6393333333333333,0.0016666666666666219,80.0,171.11,95.0,80.0,176.0,171.11,3,3 keran stabil,stable,False,training_ge80_to_95,valve_open_count dan current tidak dipakai sebagai input model STM32
2026-06-05 22:15:32.821,150.097,0.85,0.2124,0.6376,0.0017333333333333922,80.0,171.2,95.0,80.0,176.0,171.2,3,3 keran stabil,stable,False,training_ge80_to_95,valve_open_count dan current tidak dipakai sebagai input model STM32
2026-06-05 22:15:33.318,150.594,0.85,0.2070666666666666,0.6429333333333334,-0.005333333333333412,80.0,171.2,95.0,80.0,176.0,171.2,3,3 keran stabil,stable,False,training_ge80_to_95,valve_open_count dan current tidak dipakai sebagai input model STM32
2026-06-05 22:15:33.819,151.095,0.85,0.2048666666666666,0.6451333333333333,-0.0021999999999999797,80.0,171.2,95.0,80.0,176.0,171.2,3,3 keran stabil,stable,False,training_ge80_to_95,valve_open_count dan current tidak dipakai sebagai input model STM32
2026-06-05 22:15:34.381,151.657,0.85,0.2027999999999999,0.6472000000000001,-0.0020666666666667166,80.0,171.2,95.0,80.0,176.0,171.2,3,3 keran stabil,stable,False,training_ge80_to_95,valve_open_count dan current tidak dipakai sebagai input model STM32
2026-06-05 22:15:34.941,152.217,0.85,0.2030666666666666,0.6469333333333334,0.0002666666666666928,80.0,171.16,95.0,80.0,176.0,171.16,3,3 keran stabil,stable,False,training_ge80_to_95,valve_open_count dan current tidak dipakai sebagai input model STM32
2026-06-05 22:15:35.441,152.717,0.85,0.2056666666666666,0.6443333333333334,0.002600000000000019,80.0,171.16,95.0,80.0,176.0,171.16,3,3 keran stabil,stable,False,training_ge80_to_95,valve_open_count dan current tidak dipakai sebagai input model STM32
2026-06-05 22:15:36.017,153.293,0.85,0.2062666666666666,0.6437333333333334,0.0005999999999999894,80.0,171.19,95.0,80.0,176.0,171.19,3,3 keran stabil,stable,False,training_ge80_to_95,valve_open_count dan current tidak dipakai sebagai input model STM32
2026-06-05 22:15:36.531,153.807,0.85,0.2039333333333333,0.6460666666666667,-0.0023333333333332984,80.0,171.19,95.0,80.0,176.0,171.19,3,3 keran stabil,stable,False,training_ge80_to_95,valve_open_count dan current tidak dipakai sebagai input model STM32
2026-06-05 22:15:37.093,154.369,0.85,0.2044,0.6456,0.00046666666666669854,80.0,171.13,95.0,80.0,176.0,171.13,2,2 keran stabil,stable,False,training_ge80_to_95,valve_open_count dan current tidak dipakai sebagai input model STM32
2026-06-05 22:15:37.591,154.867,0.85,0.2065333333333333,0.6434666666666666,0.0021333333333332927,80.0,171.13,95.0,80.0,176.0,171.13,2,2 keran stabil,stable,False,training_ge80_to_95,valve_open_count dan current tidak dipakai sebagai input model STM32
2026-06-05 22:15:38.152,155.428,0.85,0.2184666666666666,0.6315333333333334,0.011933333333333296,80.0,171.15,95.0,80.0,176.0,171.15,2,2 keran stabil,stable,False,training_ge80_to_95,valve_open_count dan current tidak dipakai sebagai input model STM32
2026-06-05 22:15:38.840,156.116,0.85,0.223,0.627,0.004533333333333417,80.0,171.1,95.0,80.0,176.0,171.1,2,2 keran stabil,stable,False,training_ge80_to_95,valve_open_count dan current tidak dipakai sebagai input model STM32
2026-06-05 22:15:39.340,156.616,0.85,0.2216,0.6284,-0.0014000000000000123,80.0,171.1,95.0,80.0,176.0,171.1,2,2 keran stabil,stable,False,training_ge80_to_95,valve_open_count dan current tidak dipakai sebagai input model STM32
2026-06-05 22:15:39.899,157.175,0.85,0.2236,0.6264,0.0020000000000000018,80.0,171.2,95.0,80.0,176.0,171.2,2,2 keran stabil,stable,False,training_ge80_to_95,valve_open_count dan current tidak dipakai sebagai input model STM32
2026-06-05 22:15:40.396,157.672,0.85,0.226,0.624,0.0024000000000000132,80.0,171.2,95.0,80.0,176.0,171.2,2,2 keran stabil,stable,False,training_ge80_to_95,valve_open_count dan current tidak dipakai sebagai input model STM32
2026-06-05 22:15:40.958,158.234,0.85,0.2320666666666666,0.6179333333333334,0.006066666666666581,80.0,171.04,95.0,80.0,176.0,171.04,2,2 keran stabil,stable,False,training_ge80_to_95,valve_open_count dan current tidak dipakai sebagai input model STM32
2026-06-05 22:15:41.455,158.731,0.85,0.2335333333333333,0.6164666666666667,0.0014666666666666994,80.0,171.04,95.0,80.0,176.0,171.04,2,2 keran stabil,stable,False,training_ge80_to_95,valve_open_count dan current tidak dipakai sebagai input model STM32
2026-06-05 22:15:42.038,159.314,0.85,0.2364666666666666,0.6135333333333334,0.0029333333333333156,80.0,171.16,95.0,80.0,176.0,171.16,2,2 keran stabil,stable,False,training_ge80_to_95,valve_open_count dan current tidak dipakai sebagai input model STM32
2026-06-05 22:15:42.592,159.868,0.85,0.2347999999999999,0.6152000000000001,-0.0016666666666667052,80.0,171.16,95.0,80.0,176.0,171.16,2,2 keran stabil,stable,False,training_ge80_to_95,valve_open_count dan current tidak dipakai sebagai input model STM32
2026-06-05 22:15:43.112,160.388,0.85,0.2355999999999999,0.6144000000000001,0.0007999999999999952,80.0,171.21,95.0,80.0,176.0,171.21,2,2 keran stabil,stable,False,training_ge80_to_95,valve_open_count dan current tidak dipakai sebagai input model STM32
2026-06-05 22:15:43.701,160.977,0.85,0.2440666666666666,0.6059333333333334,0.008466666666666706,80.0,171.21,95.0,80.0,176.0,171.21,1,1 keran stabil,stable,False,training_ge80_to_95,valve_open_count dan current tidak dipakai sebagai input model STM32
2026-06-05 22:15:44.304,161.58,0.85,0.2599333333333333,0.5900666666666667,0.015866666666666696,80.0,171.13,95.0,80.0,176.0,171.13,1,1 keran stabil,stable,False,training_ge80_to_95,valve_open_count dan current tidak dipakai sebagai input model STM32
2026-06-05 22:15:44.866,162.142,0.85,0.2690666666666666,0.5809333333333333,0.009133333333333327,80.0,171.01,95.0,80.0,176.0,171.01,1,1 keran stabil,stable,False,training_ge80_to_95,valve_open_count dan current tidak dipakai sebagai input model STM32
2026-06-05 22:15:45.363,162.639,0.85,0.2733333333333333,0.5766666666666667,0.004266666666666696,80.0,171.01,95.0,80.0,176.0,171.01,1,1 keran stabil,stable,False,training_ge80_to_95,valve_open_count dan current tidak dipakai sebagai input model STM32
2026-06-05 22:15:45.861,163.137,0.85,0.2766,0.5733999999999999,0.0032666666666666955,80.0,171.03,95.0,80.0,176.0,171.03,1,1 keran stabil,stable,False,training_ge80_to_95,valve_open_count dan current tidak dipakai sebagai input model STM32
2026-06-05 22:15:46.361,163.637,0.85,0.2819333333333333,0.5680666666666667,0.005333333333333301,80.0,171.03,95.0,80.0,176.0,171.03,1,1 keran stabil,stable,False,training_ge80_to_95,valve_open_count dan current tidak dipakai sebagai input model STM32
2026-06-05 22:15:46.921,164.197,0.85,0.2851333333333333,0.5648666666666666,0.0031999999999999806,80.0,171.04,95.0,80.0,176.0,171.04,1,1 keran stabil,stable,False,training_ge80_to_95,valve_open_count dan current tidak dipakai sebagai input model STM32
2026-06-05 22:15:47.421,164.697,0.85,0.2816,0.5684,-0.0035333333333332773,80.0,171.04,95.0,80.0,176.0,171.04,1,1 keran stabil,stable,False,training_ge80_to_95,valve_open_count dan current tidak dipakai sebagai input model STM32
2026-06-05 22:15:47.978,165.254,0.85,0.2838666666666666,0.5661333333333334,0.0022666666666665836,80.0,171.05,95.0,80.0,176.0,171.05,1,1 keran stabil,stable,False,training_ge80_to_95,valve_open_count dan current tidak dipakai sebagai input model STM32
2026-06-05 22:15:48.477,165.753,0.85,0.2830666666666666,0.5669333333333334,-0.0008000000000000229,80.0,171.05,95.0,80.0,176.0,171.05,1,1 keran stabil,stable,False,training_ge80_to_95,valve_open_count dan current tidak dipakai sebagai input model STM32
2026-06-05 22:15:48.990,166.266,0.85,0.2804,0.5696,-0.002666666666666595,80.0,171.05,95.0,80.0,176.0,171.05,1,1 keran stabil,stable,False,training_ge80_to_95,valve_open_count dan current tidak dipakai sebagai input model STM32
2026-06-05 22:15:49.523,166.799,0.85,0.2774666666666666,0.5725333333333333,-0.002933333333333399,80.0,171.05,95.0,80.0,176.0,171.05,1,1 keran stabil,stable,False,training_ge80_to_95,valve_open_count dan current tidak dipakai sebagai input model STM32
2026-06-05 22:15:50.113,167.389,0.85,0.3122,0.5378000000000001,0.034733333333333394,80.0,170.9,95.0,80.0,176.0,170.9,0,0 keran stabil,stable,False,training_ge80_to_95,valve_open_count dan current tidak dipakai sebagai input model STM32
2026-06-05 22:15:50.672,167.948,0.85,0.3574666666666666,0.4925333333333334,0.04526666666666662,80.0,170.9,95.0,80.0,176.0,170.9,0,0 keran stabil,stable,False,training_ge80_to_95,valve_open_count dan current tidak dipakai sebagai input model STM32
2026-06-05 22:15:51.233,168.509,0.85,0.4005333333333333,0.4494666666666667,0.0430666666666667,80.0,170.9,95.0,80.0,176.0,170.9,0,0 keran stabil,stable,False,training_ge80_to_95,valve_open_count dan current tidak dipakai sebagai input model STM32
2026-06-05 22:15:51.731,169.007,0.85,0.4076,0.44239999999999996,0.007066666666666721,80.0,170.9,95.0,80.0,176.0,170.9,0,0 keran stabil,stable,False,training_ge80_to_95,valve_open_count dan current tidak dipakai sebagai input model STM32
2026-06-05 22:15:52.232,169.508,0.85,0.4064,0.4436,-0.0012000000000000344,80.0,170.94,95.0,80.0,176.0,170.94,0,0 keran stabil,stable,False,training_ge80_to_95,valve_open_count dan current tidak dipakai sebagai input model STM32
2026-06-05 22:15:52.854,170.13,0.85,0.4042666666666666,0.44573333333333337,-0.002133333333333376,80.0,170.71,95.0,80.0,176.0,170.71,0,0 keran stabil,stable,False,training_ge80_to_95,valve_open_count dan current tidak dipakai sebagai input model STM32
2026-06-05 22:15:53.424,170.7,0.85,0.4054666666666666,0.4445333333333334,0.0011999999999999789,80.0,170.71,95.0,80.0,176.0,170.71,0,0 keran stabil,stable,False,training_ge80_to_95,valve_open_count dan current tidak dipakai sebagai input model STM32
2026-06-05 22:15:53.928,171.204,0.85,0.4058,0.4442,0.00033333333333340764,80.0,170.81,95.0,80.0,176.0,170.81,0,0 keran stabil,stable,False,training_ge80_to_95,valve_open_count dan current tidak dipakai sebagai input model STM32
2026-06-05 22:15:54.441,171.717,0.85,0.4034,0.4466,-0.0024000000000000132,80.0,170.81,95.0,80.0,176.0,170.81,0,0 keran stabil,stable,False,training_ge80_to_95,valve_open_count dan current tidak dipakai sebagai input model STM32
2026-06-05 22:15:54.999,172.275,0.85,0.3999333333333333,0.45006666666666667,-0.0034666666666666734,80.0,170.86,95.0,80.0,176.0,170.86,0,0 keran stabil,stable,False,training_ge80_to_95,valve_open_count dan current tidak dipakai sebagai input model STM32
2026-06-05 22:15:55.545,172.821,0.85,0.3862666666666667,0.4637333333333333,-0.013666666666666605,80.0,170.86,95.0,80.0,176.0,170.86,0->4,Transisi buka cepat 0->4 keran,transition_open,False,training_ge80_to_95,valve_open_count dan current tidak dipakai sebagai input model STM32
2026-06-05 22:15:56.106,173.382,0.85,0.3394666666666667,0.5105333333333333,-0.04680000000000001,80.0,170.88,95.0,80.0,176.0,170.88,0->4,Transisi buka cepat 0->4 keran,transition_open,False,training_ge80_to_95,valve_open_count dan current tidak dipakai sebagai input model STM32
2026-06-05 22:15:56.668,173.944,0.85,0.2963333333333333,0.5536666666666668,-0.04313333333333341,80.0,170.88,95.0,80.0,176.0,170.88,0->4,Transisi buka cepat 0->4 keran,transition_open,False,training_ge80_to_95,valve_open_count dan current tidak dipakai sebagai input model STM32
2026-06-05 22:15:57.231,174.507,0.85,0.2616666666666666,0.5883333333333334,-0.03466666666666668,80.0,170.93,95.0,80.0,176.0,170.93,0->4,Transisi buka cepat 0->4 keran,transition_open,False,training_ge80_to_95,valve_open_count dan current tidak dipakai sebagai input model STM32
2026-06-05 22:15:57.852,175.128,0.85,0.2496,0.6004,-0.012066666666666614,80.0,170.93,95.0,80.0,176.0,170.93,0->4,Transisi buka cepat 0->4 keran,transition_open,False,training_ge80_to_95,valve_open_count dan current tidak dipakai sebagai input model STM32
2026-06-05 22:15:58.352,175.628,0.85,0.2286,0.6214,-0.02099999999999999,80.0,170.99,95.0,80.0,176.0,170.99,0->4,Transisi buka cepat 0->4 keran,transition_open,False,training_ge80_to_95,valve_open_count dan current tidak dipakai sebagai input model STM32
2026-06-05 22:15:58.909,176.185,0.85,0.2111333333333333,0.6388666666666667,-0.017466666666666686,80.0,170.94,95.0,80.0,176.0,170.94,0->4,Transisi buka cepat 0->4 keran,transition_open,False,training_ge80_to_95,valve_open_count dan current tidak dipakai sebagai input model STM32
2026-06-05 22:15:59.469,176.745,0.85,0.2064666666666666,0.6435333333333334,-0.004666666666666708,80.0,170.94,95.0,80.0,176.0,170.94,0->4,Transisi buka cepat 0->4 keran,transition_open,False,training_ge80_to_95,valve_open_count dan current tidak dipakai sebagai input model STM32
2026-06-05 22:16:00.030,177.306,0.85,0.2063333333333333,0.6436666666666666,-0.0001333333333332909,80.0,170.98,95.0,80.0,176.0,170.98,0->4,Transisi buka cepat 0->4 keran,transition_open,False,training_ge80_to_95,valve_open_count dan current tidak dipakai sebagai input model STM32
2026-06-05 22:16:00.529,177.805,0.85,0.2089333333333333,0.6410666666666667,0.002599999999999991,80.0,170.98,95.0,80.0,176.0,170.98,0->4,Transisi buka cepat 0->4 keran,transition_open,False,training_ge80_to_95,valve_open_count dan current tidak dipakai sebagai input model STM32
2026-06-05 22:16:01.088,178.364,0.85,0.2006,0.6494,-0.008333333333333304,80.0,171.07,95.0,80.0,176.0,171.07,0->4,Transisi buka cepat 0->4 keran,transition_open,False,training_ge80_to_95,valve_open_count dan current tidak dipakai sebagai input model STM32
2026-06-05 22:16:01.587,178.863,0.85,0.2002,0.6497999999999999,-0.00040000000000001146,80.0,171.07,95.0,80.0,176.0,171.07,0->4,Transisi buka cepat 0->4 keran,transition_open,False,training_ge80_to_95,valve_open_count dan current tidak dipakai sebagai input model STM32
2026-06-05 22:16:02.149,179.425,0.85,0.1932666666666666,0.6567333333333334,-0.006933333333333402,80.0,171.15,95.0,80.0,176.0,171.15,0->4,Transisi buka cepat 0->4 keran,transition_open,False,training_ge80_to_95,valve_open_count dan current tidak dipakai sebagai input model STM32
2026-06-05 22:16:02.647,179.923,0.85,0.1936,0.6564,0.00033333333333340764,80.0,171.15,95.0,80.0,176.0,171.15,0->4,Transisi buka cepat 0->4 keran,transition_open,False,training_ge80_to_95,valve_open_count dan current tidak dipakai sebagai input model STM32
2026-06-05 22:16:03.145,180.421,0.85,0.1844,0.6656,-0.009199999999999986,80.0,171.27,95.0,80.0,176.0,171.27,0->4,Transisi buka cepat 0->4 keran,transition_open,False,training_ge80_to_95,valve_open_count dan current tidak dipakai sebagai input model STM32
2026-06-05 22:16:03.645,180.921,0.85,0.1885333333333333,0.6614666666666666,0.0041333333333332944,80.0,171.27,95.0,80.0,176.0,171.27,0->4,Transisi buka cepat 0->4 keran,transition_open,False,training_ge80_to_95,valve_open_count dan current tidak dipakai sebagai input model STM32
2026-06-05 22:16:04.203,181.479,0.85,0.1908666666666666,0.6591333333333333,0.0023333333333332984,80.0,171.17,95.0,80.0,176.0,171.17,0->4,Transisi buka cepat 0->4 keran,transition_open,False,training_ge80_to_95,valve_open_count dan current tidak dipakai sebagai input model STM32
2026-06-05 22:16:04.700,181.976,0.85,0.1983333333333333,0.6516666666666666,0.007466666666666705,80.0,171.17,95.0,80.0,176.0,171.17,0->4,Transisi buka cepat 0->4 keran,transition_open,False,training_ge80_to_95,valve_open_count dan current tidak dipakai sebagai input model STM32
2026-06-05 22:16:05.264,182.54,0.85,0.1994666666666666,0.6505333333333334,0.0011333333333332918,80.0,171.14,95.0,80.0,176.0,171.14,0->4,Transisi buka cepat 0->4 keran,transition_open,False,training_ge80_to_95,valve_open_count dan current tidak dipakai sebagai input model STM32
2026-06-05 22:16:05.763,183.039,0.85,0.1931333333333333,0.6568666666666667,-0.006333333333333302,80.0,171.14,95.0,80.0,176.0,171.14,0->4,Transisi buka cepat 0->4 keran,transition_open,False,training_ge80_to_95,valve_open_count dan current tidak dipakai sebagai input model STM32
2026-06-05 22:16:06.261,183.537,0.85,0.1903999999999999,0.6596000000000001,-0.002733333333333393,80.0,171.03,95.0,80.0,176.0,171.03,0->4,Transisi buka cepat 0->4 keran,transition_open,False,training_ge80_to_95,valve_open_count dan current tidak dipakai sebagai input model STM32
2026-06-05 22:16:06.883,184.159,0.85,0.1862,0.6638,-0.004199999999999898,80.0,171.03,95.0,80.0,176.0,171.03,0->4,Transisi buka cepat 0->4 keran,transition_open,False,training_ge80_to_95,valve_open_count dan current tidak dipakai sebagai input model STM32
2026-06-05 22:16:07.380,184.656,0.85,0.1907333333333333,0.6592666666666667,0.004533333333333306,80.0,171.32,95.0,80.0,176.0,171.32,0->4,Transisi buka cepat 0->4 keran,transition_open,False,training_ge80_to_95,valve_open_count dan current tidak dipakai sebagai input model STM32
2026-06-05 22:16:07.939,185.215,0.85,0.1902,0.6597999999999999,-0.0005333333333333024,80.0,171.1,95.0,80.0,176.0,171.1,0->4,Transisi buka cepat 0->4 keran,transition_open,False,training_ge80_to_95,valve_open_count dan current tidak dipakai sebagai input model STM32
2026-06-05 22:16:08.471,185.747,0.85,0.1888,0.6612,-0.0014000000000000123,80.0,171.1,95.0,80.0,176.0,171.1,0->4,Transisi buka cepat 0->4 keran,transition_open,False,training_ge80_to_95,valve_open_count dan current tidak dipakai sebagai input model STM32
2026-06-05 22:16:08.976,186.252,0.85,0.1890666666666666,0.6609333333333334,0.00026666666666660954,80.0,171.11,95.0,80.0,176.0,171.11,0->4,Transisi buka cepat 0->4 keran,transition_open,False,training_ge80_to_95,valve_open_count dan current tidak dipakai sebagai input model STM32
2026-06-05 22:16:09.566,186.842,0.85,0.1921333333333333,0.6578666666666667,0.0030666666666666897,80.0,171.11,95.0,80.0,176.0,171.11,0->4,Transisi buka cepat 0->4 keran,transition_open,False,training_ge80_to_95,valve_open_count dan current tidak dipakai sebagai input model STM32
2026-06-05 22:16:10.090,187.366,0.85,0.1927333333333333,0.6572666666666667,0.0006000000000000172,80.0,171.25,95.0,80.0,176.0,171.25,0->4,Transisi buka cepat 0->4 keran,transition_open,False,training_ge80_to_95,valve_open_count dan current tidak dipakai sebagai input model STM32
2026-06-05 22:16:10.610,187.886,0.85,0.1915333333333333,0.6584666666666666,-0.0012000000000000066,80.0,171.25,95.0,80.0,176.0,171.25,0->4,Transisi buka cepat 0->4 keran,transition_open,False,training_ge80_to_95,valve_open_count dan current tidak dipakai sebagai input model STM32
2026-06-05 22:16:11.158,188.434,0.85,0.1876,0.6624,-0.0039333333333333165,80.0,171.32,95.0,80.0,176.0,171.32,0->4,Transisi buka cepat 0->4 keran,transition_open,False,training_ge80_to_95,valve_open_count dan current tidak dipakai sebagai input model STM32
2026-06-05 22:16:11.706,188.982,0.85,0.2001333333333333,0.6498666666666667,0.012533333333333313,80.0,171.32,95.0,90.0,198.0,171.32,0->4,Transisi buka cepat 0->4 keran,transition_open,False,training_ge80_to_95,valve_open_count dan current tidak dipakai sebagai input model STM32
2026-06-05 22:16:12.202,189.478,0.85,0.233,0.617,0.03286666666666671,90.0,174.97,95.0,90.0,198.0,174.97,0->4,Transisi buka cepat 0->4 keran,transition_open,False,training_ge80_to_95,valve_open_count dan current tidak dipakai sebagai input model STM32
2026-06-05 22:16:12.733,190.009,0.85,0.2817333333333333,0.5682666666666667,0.04873333333333327,90.0,174.97,95.0,90.0,198.0,174.97,0->4,Transisi buka cepat 0->4 keran,transition_open,False,training_ge80_to_95,valve_open_count dan current tidak dipakai sebagai input model STM32
2026-06-05 22:16:13.262,190.538,0.85,0.3142666666666667,0.5357333333333333,0.032533333333333414,90.0,192.23,95.0,90.0,198.0,192.23,0->4,Transisi buka cepat 0->4 keran,transition_open,False,training_ge80_to_95,valve_open_count dan current tidak dipakai sebagai input model STM32
2026-06-05 22:16:13.821,191.097,0.85,0.3167333333333333,0.5332666666666667,0.002466666666666617,90.0,192.23,95.0,90.0,198.0,192.23,0->4,Transisi buka cepat 0->4 keran,transition_open,False,training_ge80_to_95,valve_open_count dan current tidak dipakai sebagai input model STM32
2026-06-05 22:16:14.322,191.598,0.85,0.312,0.538,-0.004733333333333312,90.0,192.25,95.0,90.0,198.0,192.25,0->4,Transisi buka cepat 0->4 keran,transition_open,False,training_ge80_to_95,valve_open_count dan current tidak dipakai sebagai input model STM32
2026-06-05 22:16:14.818,192.094,0.85,0.3160666666666666,0.5339333333333334,0.004066666666666607,90.0,192.25,95.0,90.0,198.0,192.25,0->4,Transisi buka cepat 0->4 keran,transition_open,False,training_ge80_to_95,valve_open_count dan current tidak dipakai sebagai input model STM32
2026-06-05 22:16:15.394,192.67,0.85,0.316,0.534,-6.666666666660381e-05,90.0,192.29,95.0,90.0,198.0,192.29,0->4,Transisi buka cepat 0->4 keran,transition_open,False,training_ge80_to_95,valve_open_count dan current tidak dipakai sebagai input model STM32
2026-06-05 22:16:15.976,193.252,0.85,0.3148,0.5351999999999999,-0.0011999999999999789,90.0,192.26,95.0,90.0,198.0,192.26,4,4 keran stabil,stable,False,training_ge80_to_95,valve_open_count dan current tidak dipakai sebagai input model STM32
2026-06-05 22:16:16.500,193.776,0.85,0.3155333333333333,0.5344666666666666,0.0007333333333332526,90.0,192.26,95.0,90.0,198.0,192.26,4,4 keran stabil,stable,False,training_ge80_to_95,valve_open_count dan current tidak dipakai sebagai input model STM32
2026-06-05 22:16:16.997,194.273,0.85,0.3144666666666666,0.5355333333333334,-0.0010666666666666602,90.0,192.22,95.0,90.0,198.0,192.22,4,4 keran stabil,stable,False,training_ge80_to_95,valve_open_count dan current tidak dipakai sebagai input model STM32
2026-06-05 22:16:17.561,194.837,0.85,0.3082666666666666,0.5417333333333334,-0.006200000000000039,90.0,192.22,95.0,90.0,198.0,192.22,4,4 keran stabil,stable,False,training_ge80_to_95,valve_open_count dan current tidak dipakai sebagai input model STM32
2026-06-05 22:16:18.118,195.394,0.85,0.3012666666666667,0.5487333333333333,-0.006999999999999895,90.0,192.03,95.0,90.0,198.0,192.03,4,4 keran stabil,stable,False,training_ge80_to_95,valve_open_count dan current tidak dipakai sebagai input model STM32
2026-06-05 22:16:18.617,195.893,0.85,0.2988,0.5511999999999999,-0.0024666666666666726,90.0,192.03,95.0,90.0,198.0,192.03,4,4 keran stabil,stable,False,training_ge80_to_95,valve_open_count dan current tidak dipakai sebagai input model STM32
2026-06-05 22:16:19.117,196.393,0.85,0.3034,0.5466,0.004599999999999993,90.0,191.97,95.0,90.0,198.0,191.97,4,4 keran stabil,stable,False,training_ge80_to_95,valve_open_count dan current tidak dipakai sebagai input model STM32
2026-06-05 22:16:19.662,196.938,0.85,0.304,0.546,0.0005999999999999894,90.0,191.97,95.0,90.0,198.0,191.97,4,4 keran stabil,stable,False,training_ge80_to_95,valve_open_count dan current tidak dipakai sebagai input model STM32
2026-06-05 22:16:20.222,197.498,0.85,0.3018,0.5482,-0.0021999999999999797,90.0,192.12,95.0,90.0,198.0,192.12,4,4 keran stabil,stable,False,training_ge80_to_95,valve_open_count dan current tidak dipakai sebagai input model STM32
2026-06-05 22:16:20.722,197.998,0.85,0.303,0.5469999999999999,0.0011999999999999789,90.0,192.12,95.0,90.0,198.0,192.12,4,4 keran stabil,stable,False,training_ge80_to_95,valve_open_count dan current tidak dipakai sebagai input model STM32
2026-06-05 22:16:21.220,198.496,0.85,0.3054666666666666,0.5445333333333333,0.002466666666666617,90.0,192.07,95.0,90.0,198.0,192.07,4,4 keran stabil,stable,False,training_ge80_to_95,valve_open_count dan current tidak dipakai sebagai input model STM32
2026-06-05 22:16:21.781,199.057,0.85,0.3139333333333333,0.5360666666666667,0.008466666666666678,90.0,192.07,95.0,90.0,198.0,192.07,4,4 keran stabil,stable,False,training_ge80_to_95,valve_open_count dan current tidak dipakai sebagai input model STM32
2026-06-05 22:16:22.340,199.616,0.85,0.3121333333333334,0.5378666666666666,-0.0017999999999999128,90.0,192.05,95.0,90.0,198.0,192.05,4,4 keran stabil,stable,False,training_ge80_to_95,valve_open_count dan current tidak dipakai sebagai input model STM32
2026-06-05 22:16:22.963,200.239,0.85,0.3146666666666666,0.5353333333333334,0.002533333333333221,90.0,192.05,95.0,90.0,198.0,192.05,4,4 keran stabil,stable,False,training_ge80_to_95,valve_open_count dan current tidak dipakai sebagai input model STM32
2026-06-05 22:16:23.554,200.83,0.85,0.3168666666666667,0.5331333333333332,0.0022000000000000908,90.0,192.17,95.0,90.0,198.0,192.17,4,4 keran stabil,stable,False,training_ge80_to_95,valve_open_count dan current tidak dipakai sebagai input model STM32
2026-06-05 22:16:24.051,201.327,0.85,0.3204,0.5296,0.0035333333333333328,90.0,192.13,95.0,90.0,198.0,192.13,4,4 keran stabil,stable,False,training_ge80_to_95,valve_open_count dan current tidak dipakai sebagai input model STM32
2026-06-05 22:16:24.656,201.932,0.85,0.3283333333333333,0.5216666666666667,0.007933333333333292,90.0,192.13,95.0,90.0,198.0,192.13,3,3 keran stabil,stable,False,training_ge80_to_95,valve_open_count dan current tidak dipakai sebagai input model STM32
2026-06-05 22:16:25.155,202.431,0.85,0.341,0.5089999999999999,0.012666666666666715,90.0,192.23,95.0,90.0,198.0,192.23,3,3 keran stabil,stable,False,training_ge80_to_95,valve_open_count dan current tidak dipakai sebagai input model STM32
2026-06-05 22:16:25.777,203.053,0.85,0.3578,0.49219999999999997,0.01679999999999998,90.0,192.23,95.0,90.0,198.0,192.23,3,3 keran stabil,stable,False,training_ge80_to_95,valve_open_count dan current tidak dipakai sebagai input model STM32
2026-06-05 22:16:26.334,203.61,0.85,0.366,0.484,0.008199999999999985,90.0,192.31,95.0,90.0,198.0,192.31,3,3 keran stabil,stable,False,training_ge80_to_95,valve_open_count dan current tidak dipakai sebagai input model STM32
2026-06-05 22:16:26.832,204.108,0.85,0.3634,0.4866,-0.002599999999999991,90.0,192.31,95.0,90.0,198.0,192.31,3,3 keran stabil,stable,False,training_ge80_to_95,valve_open_count dan current tidak dipakai sebagai input model STM32
2026-06-05 22:16:27.394,204.67,0.85,0.3600666666666666,0.4899333333333334,-0.0033333333333334103,90.0,192.25,95.0,90.0,198.0,192.25,3,3 keran stabil,stable,False,training_ge80_to_95,valve_open_count dan current tidak dipakai sebagai input model STM32
2026-06-05 22:16:27.895,205.171,0.85,0.355,0.495,-0.005066666666666608,90.0,192.25,95.0,90.0,198.0,192.25,3,3 keran stabil,stable,False,training_ge80_to_95,valve_open_count dan current tidak dipakai sebagai input model STM32
2026-06-05 22:16:28.454,205.73,0.85,0.3556666666666667,0.4943333333333333,0.0006666666666667043,90.0,192.25,95.0,90.0,198.0,192.25,3,3 keran stabil,stable,False,training_ge80_to_95,valve_open_count dan current tidak dipakai sebagai input model STM32
2026-06-05 22:16:29.014,206.29,0.85,0.3517333333333333,0.4982666666666667,-0.0039333333333334,90.0,192.17,95.0,90.0,198.0,192.17,3,3 keran stabil,stable,False,training_ge80_to_95,valve_open_count dan current tidak dipakai sebagai input model STM32
2026-06-05 22:16:29.554,206.83,0.85,0.3555999999999999,0.49440000000000006,0.0038666666666666294,90.0,192.17,95.0,90.0,198.0,192.17,3,3 keran stabil,stable,False,training_ge80_to_95,valve_open_count dan current tidak dipakai sebagai input model STM32
2026-06-05 22:16:30.137,207.413,0.85,0.3554,0.4946,-0.00019999999999992246,90.0,192.31,95.0,90.0,198.0,192.31,3,3 keran stabil,stable,False,training_ge80_to_95,valve_open_count dan current tidak dipakai sebagai input model STM32
2026-06-05 22:16:30.759,208.035,0.85,0.3630666666666666,0.4869333333333334,0.0076666666666665995,90.0,192.31,95.0,90.0,198.0,192.31,2,2 keran stabil,stable,False,training_ge80_to_95,valve_open_count dan current tidak dipakai sebagai input model STM32
2026-06-05 22:16:31.292,208.568,0.85,0.3592666666666666,0.49073333333333335,-0.00379999999999997,90.0,192.23,95.0,90.0,198.0,192.23,2,2 keran stabil,stable,False,training_ge80_to_95,valve_open_count dan current tidak dipakai sebagai input model STM32
2026-06-05 22:16:31.791,209.067,0.85,0.3726,0.4774,0.013333333333333364,90.0,192.23,95.0,90.0,198.0,192.23,2,2 keran stabil,stable,False,training_ge80_to_95,valve_open_count dan current tidak dipakai sebagai input model STM32
2026-06-05 22:16:32.288,209.564,0.85,0.3848666666666666,0.4651333333333334,0.012266666666666592,90.0,192.04,95.0,90.0,198.0,192.04,2,2 keran stabil,stable,False,training_ge80_to_95,valve_open_count dan current tidak dipakai sebagai input model STM32
2026-06-05 22:16:32.787,210.063,0.85,0.4007333333333333,0.4492666666666667,0.015866666666666696,90.0,192.04,95.0,90.0,198.0,192.04,2,2 keran stabil,stable,False,training_ge80_to_95,valve_open_count dan current tidak dipakai sebagai input model STM32
2026-06-05 22:16:33.287,210.563,0.85,0.4090666666666667,0.4409333333333333,0.008333333333333415,90.0,192.06,95.0,90.0,198.0,192.06,2,2 keran stabil,stable,False,training_ge80_to_95,valve_open_count dan current tidak dipakai sebagai input model STM32
2026-06-05 22:16:33.787,211.063,0.85,0.4073333333333334,0.4426666666666666,-0.001733333333333309,90.0,192.06,95.0,90.0,198.0,192.06,2,2 keran stabil,stable,False,training_ge80_to_95,valve_open_count dan current tidak dipakai sebagai input model STM32
2026-06-05 22:16:34.285,211.561,0.85,0.4087333333333333,0.4412666666666667,0.0013999999999999013,90.0,191.83,95.0,90.0,198.0,191.83,2,2 keran stabil,stable,False,training_ge80_to_95,valve_open_count dan current tidak dipakai sebagai input model STM32
2026-06-05 22:16:34.845,212.121,0.85,0.4127333333333333,0.4372666666666667,0.0040000000000000036,90.0,191.83,95.0,90.0,198.0,191.83,2,2 keran stabil,stable,False,training_ge80_to_95,valve_open_count dan current tidak dipakai sebagai input model STM32
2026-06-05 22:16:35.407,212.683,0.85,0.4164,0.4336,0.003666666666666707,90.0,191.97,95.0,90.0,198.0,191.97,2,2 keran stabil,stable,False,training_ge80_to_95,valve_open_count dan current tidak dipakai sebagai input model STM32
2026-06-05 22:16:35.903,213.179,0.85,0.4149333333333333,0.43506666666666666,-0.0014666666666666717,90.0,191.97,95.0,90.0,198.0,191.97,2,2 keran stabil,stable,False,training_ge80_to_95,valve_open_count dan current tidak dipakai sebagai input model STM32
2026-06-05 22:16:36.402,213.678,0.85,0.4155333333333333,0.43446666666666667,0.0005999999999999894,90.0,192.12,95.0,90.0,198.0,192.12,2,2 keran stabil,stable,False,training_ge80_to_95,valve_open_count dan current tidak dipakai sebagai input model STM32
2026-06-05 22:16:36.908,214.184,0.85,0.4132666666666666,0.43673333333333336,-0.0022666666666666946,90.0,192.12,95.0,90.0,198.0,192.12,2,2 keran stabil,stable,False,training_ge80_to_95,valve_open_count dan current tidak dipakai sebagai input model STM32
2026-06-05 22:16:37.475,214.751,0.85,0.414,0.436,0.0007333333333333636,90.0,192.08,95.0,90.0,198.0,192.08,2,2 keran stabil,stable,False,training_ge80_to_95,valve_open_count dan current tidak dipakai sebagai input model STM32
2026-06-05 22:16:38.019,215.295,0.85,0.4101999999999999,0.4398000000000001,-0.003800000000000081,90.0,192.08,95.0,90.0,198.0,192.08,2,2 keran stabil,stable,False,training_ge80_to_95,valve_open_count dan current tidak dipakai sebagai input model STM32
2026-06-05 22:16:38.632,215.908,0.85,0.4112666666666666,0.43873333333333336,0.0010666666666667157,90.0,192.1,95.0,90.0,198.0,192.1,1,1 keran stabil,stable,False,training_ge80_to_95,valve_open_count dan current tidak dipakai sebagai input model STM32
2026-06-05 22:16:39.221,216.497,0.85,0.4088666666666666,0.4411333333333334,-0.0024000000000000132,90.0,192.04,95.0,90.0,198.0,192.04,1,1 keran stabil,stable,False,training_ge80_to_95,valve_open_count dan current tidak dipakai sebagai input model STM32
2026-06-05 22:16:39.722,216.998,0.85,0.4351333333333333,0.41486666666666666,0.026266666666666716,90.0,192.04,95.0,90.0,198.0,192.04,1,1 keran stabil,stable,False,training_ge80_to_95,valve_open_count dan current tidak dipakai sebagai input model STM32
2026-06-05 22:16:40.219,217.495,0.85,0.4522666666666666,0.3977333333333334,0.017133333333333278,90.0,191.98,95.0,90.0,198.0,191.98,1,1 keran stabil,stable,False,training_ge80_to_95,valve_open_count dan current tidak dipakai sebagai input model STM32
2026-06-05 22:16:40.718,217.994,0.85,0.4756,0.37439999999999996,0.023333333333333428,90.0,191.98,95.0,90.0,198.0,191.98,1,1 keran stabil,stable,False,training_ge80_to_95,valve_open_count dan current tidak dipakai sebagai input model STM32
2026-06-05 22:16:41.277,218.553,0.85,0.4817333333333333,0.3682666666666667,0.0061333333333332685,90.0,191.9,95.0,90.0,198.0,191.9,1,1 keran stabil,stable,False,training_ge80_to_95,valve_open_count dan current tidak dipakai sebagai input model STM32
2026-06-05 22:16:41.778,219.054,0.85,0.4897333333333333,0.3602666666666667,0.008000000000000007,90.0,191.9,95.0,90.0,198.0,191.9,1,1 keran stabil,stable,False,training_ge80_to_95,valve_open_count dan current tidak dipakai sebagai input model STM32
2026-06-05 22:16:42.340,219.616,0.85,0.4970666666666667,0.35293333333333327,0.007333333333333414,90.0,191.79,95.0,90.0,198.0,191.79,1,1 keran stabil,stable,False,training_ge80_to_95,valve_open_count dan current tidak dipakai sebagai input model STM32
2026-06-05 22:16:42.962,220.238,0.85,0.5077333333333333,0.3422666666666667,0.010666666666666547,90.0,191.79,95.0,90.0,198.0,191.79,1,1 keran stabil,stable,False,training_ge80_to_95,valve_open_count dan current tidak dipakai sebagai input model STM32
2026-06-05 22:16:43.525,220.801,0.85,0.5127333333333334,0.3372666666666666,0.0050000000000001155,90.0,191.74,95.0,90.0,198.0,191.74,1,1 keran stabil,stable,False,training_ge80_to_95,valve_open_count dan current tidak dipakai sebagai input model STM32
2026-06-05 22:16:44.023,221.299,0.85,0.5182,0.3318,0.00546666666666662,90.0,191.74,95.0,90.0,198.0,191.74,1,1 keran stabil,stable,False,training_ge80_to_95,valve_open_count dan current tidak dipakai sebagai input model STM32
2026-06-05 22:16:44.524,221.8,0.85,0.5194,0.3306,0.0011999999999999789,90.0,191.74,95.0,90.0,198.0,191.74,1,1 keran stabil,stable,False,training_ge80_to_95,valve_open_count dan current tidak dipakai sebagai input model STM32
2026-06-05 22:16:45.082,222.358,0.85,0.5172,0.3328,-0.0021999999999999797,90.0,191.78,95.0,90.0,198.0,191.78,1,1 keran stabil,stable,False,training_ge80_to_95,valve_open_count dan current tidak dipakai sebagai input model STM32
2026-06-05 22:16:45.643,222.919,0.85,0.5132666666666666,0.33673333333333333,-0.003933333333333344,90.0,191.78,95.0,90.0,198.0,191.78,1,1 keran stabil,stable,False,training_ge80_to_95,valve_open_count dan current tidak dipakai sebagai input model STM32
2026-06-05 22:16:46.205,223.481,0.85,0.5053333333333333,0.3446666666666667,-0.007933333333333348,90.0,191.76,95.0,90.0,198.0,191.76,1,1 keran stabil,stable,False,training_ge80_to_95,valve_open_count dan current tidak dipakai sebagai input model STM32
2026-06-05 22:16:46.705,223.981,0.85,0.5014666666666667,0.34853333333333325,-0.003866666666666574,90.0,191.76,95.0,90.0,198.0,191.76,1,1 keran stabil,stable,False,training_ge80_to_95,valve_open_count dan current tidak dipakai sebagai input model STM32
2026-06-05 22:16:47.264,224.54,0.85,0.5015333333333333,0.3484666666666667,6.66666666665483e-05,90.0,191.82,95.0,90.0,198.0,191.82,1,1 keran stabil,stable,False,training_ge80_to_95,valve_open_count dan current tidak dipakai sebagai input model STM32
2026-06-05 22:16:47.781,225.057,0.85,0.5011333333333333,0.34886666666666666,-0.00039999999999995595,90.0,191.82,95.0,90.0,198.0,191.82,1,1 keran stabil,stable,False,training_ge80_to_95,valve_open_count dan current tidak dipakai sebagai input model STM32
2026-06-05 22:16:48.318,225.594,0.85,0.5008,0.34919999999999995,-0.0003333333333332966,90.0,191.89,95.0,90.0,198.0,191.89,1,1 keran stabil,stable,False,training_ge80_to_95,valve_open_count dan current tidak dipakai sebagai input model STM32
2026-06-05 22:16:48.866,226.142,0.85,0.4962666666666667,0.3537333333333333,-0.004533333333333334,90.0,191.89,95.0,90.0,198.0,191.89,0,0 keran stabil,stable,False,training_ge80_to_95,valve_open_count dan current tidak dipakai sebagai input model STM32
2026-06-05 22:16:49.425,226.701,0.85,0.4971333333333333,0.35286666666666666,0.0008666666666666267,90.0,191.92,95.0,90.0,198.0,191.92,0,0 keran stabil,stable,False,training_ge80_to_95,valve_open_count dan current tidak dipakai sebagai input model STM32
2026-06-05 22:16:49.926,227.202,0.85,0.5105333333333333,0.3394666666666667,0.013399999999999967,90.0,191.92,95.0,90.0,198.0,191.92,0,0 keran stabil,stable,False,training_ge80_to_95,valve_open_count dan current tidak dipakai sebagai input model STM32
2026-06-05 22:16:50.487,227.763,0.85,0.5346666666666666,0.31533333333333335,0.02413333333333334,90.0,191.81,95.0,90.0,198.0,191.81,0,0 keran stabil,stable,False,training_ge80_to_95,valve_open_count dan current tidak dipakai sebagai input model STM32
2026-06-05 22:16:50.985,228.261,0.85,0.5555333333333333,0.29446666666666665,0.0208666666666667,90.0,191.81,95.0,90.0,198.0,191.81,0,0 keran stabil,stable,False,training_ge80_to_95,valve_open_count dan current tidak dipakai sebagai input model STM32
2026-06-05 22:16:51.546,228.822,0.85,0.5654,0.28459999999999996,0.00986666666666669,90.0,191.52,95.0,90.0,198.0,191.52,0,0 keran stabil,stable,False,training_ge80_to_95,valve_open_count dan current tidak dipakai sebagai input model STM32
2026-06-05 22:16:52.110,229.386,0.85,0.5652,0.28479999999999994,-0.00019999999999997797,90.0,191.75,95.0,90.0,198.0,191.75,0,0 keran stabil,stable,False,training_ge80_to_95,valve_open_count dan current tidak dipakai sebagai input model STM32
2026-06-05 22:16:52.668,229.944,0.85,0.5674666666666667,0.2825333333333333,0.002266666666666639,90.0,191.75,95.0,90.0,198.0,191.75,0,0 keran stabil,stable,False,training_ge80_to_95,valve_open_count dan current tidak dipakai sebagai input model STM32
2026-06-05 22:16:53.168,230.444,0.85,0.5714666666666666,0.2785333333333334,0.0039999999999998925,90.0,191.8,95.0,90.0,198.0,191.8,0,0 keran stabil,stable,False,training_ge80_to_95,valve_open_count dan current tidak dipakai sebagai input model STM32
2026-06-05 22:16:53.681,230.957,0.85,0.5779333333333333,0.2720666666666667,0.006466666666666732,90.0,191.8,95.0,90.0,198.0,191.8,0,0 keran stabil,stable,False,training_ge80_to_95,valve_open_count dan current tidak dipakai sebagai input model STM32
2026-06-05 22:16:54.255,231.531,0.85,0.5816,0.26839999999999997,0.003666666666666707,90.0,191.67,95.0,90.0,198.0,191.67,0,0 keran stabil,stable,False,training_ge80_to_95,valve_open_count dan current tidak dipakai sebagai input model STM32
2026-06-05 22:16:54.801,232.077,0.85,0.5771999999999999,0.27280000000000004,-0.0044000000000000705,90.0,191.67,95.0,90.0,198.0,191.67,0,0 keran stabil,stable,False,training_ge80_to_95,valve_open_count dan current tidak dipakai sebagai input model STM32
2026-06-05 22:16:55.391,232.667,0.85,0.5769333333333333,0.2730666666666667,-0.0002666666666666373,90.0,191.65,95.0,90.0,198.0,191.65,0,0 keran stabil,stable,False,training_ge80_to_95,valve_open_count dan current tidak dipakai sebagai input model STM32
2026-06-05 22:16:55.998,233.274,0.85,0.5757999999999999,0.2742000000000001,-0.0011333333333334306,90.0,191.65,95.0,90.0,198.0,191.65,0->4,Transisi buka cepat 0->4 keran,transition_open,False,training_ge80_to_95,valve_open_count dan current tidak dipakai sebagai input model STM32
2026-06-05 22:16:56.554,233.83,0.85,0.528,0.32199999999999995,-0.04779999999999984,90.0,191.66,95.0,90.0,198.0,191.66,0->4,Transisi buka cepat 0->4 keran,transition_open,False,training_ge80_to_95,valve_open_count dan current tidak dipakai sebagai input model STM32
2026-06-05 22:16:57.118,234.394,0.85,0.4815333333333333,0.36846666666666666,-0.04646666666666671,90.0,191.65,95.0,90.0,198.0,191.65,0->4,Transisi buka cepat 0->4 keran,transition_open,False,training_ge80_to_95,valve_open_count dan current tidak dipakai sebagai input model STM32
2026-06-05 22:16:57.680,234.956,0.85,0.4341333333333333,0.41586666666666666,-0.0474,90.0,191.65,95.0,90.0,198.0,191.65,0->4,Transisi buka cepat 0->4 keran,transition_open,False,training_ge80_to_95,valve_open_count dan current tidak dipakai sebagai input model STM32
2026-06-05 22:16:58.179,235.455,0.85,0.4324,0.41759999999999997,-0.001733333333333309,90.0,191.98,95.0,90.0,198.0,191.98,0->4,Transisi buka cepat 0->4 keran,transition_open,False,training_ge80_to_95,valve_open_count dan current tidak dipakai sebagai input model STM32
2026-06-05 22:16:58.739,236.015,0.85,0.4201333333333333,0.4298666666666667,-0.012266666666666703,90.0,191.98,95.0,90.0,198.0,191.98,0->4,Transisi buka cepat 0->4 keran,transition_open,False,training_ge80_to_95,valve_open_count dan current tidak dipakai sebagai input model STM32
2026-06-05 22:16:59.298,236.574,0.85,0.3948,0.4552,-0.02533333333333332,90.0,192.04,95.0,90.0,198.0,192.04,0->4,Transisi buka cepat 0->4 keran,transition_open,False,training_ge80_to_95,valve_open_count dan current tidak dipakai sebagai input model STM32
2026-06-05 22:16:59.795,237.071,0.85,0.3665333333333333,0.48346666666666666,-0.028266666666666662,90.0,192.04,95.0,90.0,198.0,192.04,0->4,Transisi buka cepat 0->4 keran,transition_open,False,training_ge80_to_95,valve_open_count dan current tidak dipakai sebagai input model STM32
2026-06-05 22:17:00.352,237.628,0.85,0.3352666666666666,0.5147333333333334,-0.03126666666666672,90.0,192.25,95.0,90.0,198.0,192.25,0->4,Transisi buka cepat 0->4 keran,transition_open,False,training_ge80_to_95,valve_open_count dan current tidak dipakai sebagai input model STM32
2026-06-05 22:17:00.911,238.187,0.85,0.3280666666666667,0.5219333333333334,-0.007199999999999929,90.0,192.25,95.0,90.0,198.0,192.25,0->4,Transisi buka cepat 0->4 keran,transition_open,False,training_ge80_to_95,valve_open_count dan current tidak dipakai sebagai input model STM32
2026-06-05 22:17:01.472,238.748,0.85,0.3222666666666666,0.5277333333333334,-0.005800000000000083,90.0,192.34,95.0,90.0,198.0,192.34,0->4,Transisi buka cepat 0->4 keran,transition_open,False,training_ge80_to_95,valve_open_count dan current tidak dipakai sebagai input model STM32
2026-06-05 22:17:01.975,239.251,0.85,0.3270666666666666,0.5229333333333334,0.0048000000000000265,90.0,192.34,95.0,90.0,198.0,192.34,0->4,Transisi buka cepat 0->4 keran,transition_open,False,training_ge80_to_95,valve_open_count dan current tidak dipakai sebagai input model STM32
2026-06-05 22:17:02.535,239.811,0.85,0.3265333333333333,0.5234666666666667,-0.0005333333333333301,90.0,192.3,95.0,90.0,198.0,192.3,0->4,Transisi buka cepat 0->4 keran,transition_open,False,training_ge80_to_95,valve_open_count dan current tidak dipakai sebagai input model STM32
2026-06-05 22:17:03.034,240.31,0.85,0.3109333333333333,0.5390666666666667,-0.015600000000000003,90.0,192.3,95.0,90.0,198.0,192.3,0->4,Transisi buka cepat 0->4 keran,transition_open,False,training_ge80_to_95,valve_open_count dan current tidak dipakai sebagai input model STM32
2026-06-05 22:17:03.593,240.869,0.85,0.2885333333333333,0.5614666666666667,-0.022399999999999975,90.0,192.41,95.0,90.0,198.0,192.41,0->4,Transisi buka cepat 0->4 keran,transition_open,False,training_ge80_to_95,valve_open_count dan current tidak dipakai sebagai input model STM32
2026-06-05 22:17:04.151,241.427,0.85,0.2652666666666666,0.5847333333333333,-0.023266666666666713,90.0,192.42,95.0,90.0,198.0,192.42,0->4,Transisi buka cepat 0->4 keran,transition_open,False,training_ge80_to_95,valve_open_count dan current tidak dipakai sebagai input model STM32
2026-06-05 22:17:04.714,241.99,0.85,0.2554,0.5946,-0.00986666666666658,90.0,192.42,95.0,90.0,198.0,192.42,0->4,Transisi buka cepat 0->4 keran,transition_open,False,training_ge80_to_95,valve_open_count dan current tidak dipakai sebagai input model STM32
2026-06-05 22:17:05.336,242.612,0.85,0.255,0.595,-0.00040000000000001146,90.0,192.42,95.0,90.0,198.0,192.42,0->4,Transisi buka cepat 0->4 keran,transition_open,False,training_ge80_to_95,valve_open_count dan current tidak dipakai sebagai input model STM32
2026-06-05 22:17:05.850,243.126,0.85,0.2564,0.5935999999999999,0.0014000000000000123,90.0,192.42,95.0,90.0,198.0,192.42,0->4,Transisi buka cepat 0->4 keran,transition_open,False,training_ge80_to_95,valve_open_count dan current tidak dipakai sebagai input model STM32
2026-06-05 22:17:06.391,243.667,0.85,0.2611333333333333,0.5888666666666666,0.004733333333333256,90.0,192.37,95.0,90.0,198.0,192.37,0->4,Transisi buka cepat 0->4 keran,transition_open,False,training_ge80_to_95,valve_open_count dan current tidak dipakai sebagai input model STM32
2026-06-05 22:17:06.928,244.204,0.85,0.2596,0.5904,-0.0015333333333332755,90.0,192.37,95.0,90.0,198.0,192.37,0->4,Transisi buka cepat 0->4 keran,transition_open,False,training_ge80_to_95,valve_open_count dan current tidak dipakai sebagai input model STM32
2026-06-05 22:17:07.496,244.772,0.85,0.2547333333333333,0.5952666666666666,-0.004866666666666686,90.0,192.27,95.0,90.0,198.0,192.27,0->4,Transisi buka cepat 0->4 keran,transition_open,False,training_ge80_to_95,valve_open_count dan current tidak dipakai sebagai input model STM32
2026-06-05 22:17:08.030,245.306,0.85,0.2518666666666667,0.5981333333333333,-0.0028666666666666285,90.0,192.27,95.0,90.0,198.0,192.27,0->4,Transisi buka cepat 0->4 keran,transition_open,False,training_ge80_to_95,valve_open_count dan current tidak dipakai sebagai input model STM32
2026-06-05 22:17:08.541,245.817,0.85,0.2540666666666666,0.5959333333333334,0.0021999999999999242,90.0,192.25,95.0,90.0,198.0,192.25,0->4,Transisi buka cepat 0->4 keran,transition_open,False,training_ge80_to_95,valve_open_count dan current tidak dipakai sebagai input model STM32
2026-06-05 22:17:09.198,246.474,0.85,0.263,0.587,0.008933333333333404,90.0,192.23,95.0,95.0,209.0,192.23,0->4,Transisi buka cepat 0->4 keran,transition_open,False,training_ge80_to_95,valve_open_count dan current tidak dipakai sebagai input model STM32
2026-06-05 22:17:09.724,247.0,0.85,0.2714666666666667,0.5785333333333333,0.008466666666666678,95.0,192.23,95.0,95.0,209.0,192.23,0->4,Transisi buka cepat 0->4 keran,transition_open,False,training_ge80_to_95,valve_open_count dan current tidak dipakai sebagai input model STM32
2026-06-05 22:17:10.316,247.592,0.85,0.2760666666666667,0.5739333333333333,0.004599999999999993,95.0,202.91,95.0,95.0,209.0,202.91,0->4,Transisi buka cepat 0->4 keran,transition_open,False,training_ge80_to_95,valve_open_count dan current tidak dipakai sebagai input model STM32
2026-06-05 22:17:10.880,248.156,0.85,0.2782,0.5718,0.0021333333333333204,95.0,202.91,95.0,95.0,209.0,202.91,0->4,Transisi buka cepat 0->4 keran,transition_open,False,training_ge80_to_95,valve_open_count dan current tidak dipakai sebagai input model STM32
2026-06-05 22:17:11.438,248.714,0.85,0.2836666666666667,0.5663333333333334,0.005466666666666675,95.0,202.69,95.0,95.0,209.0,202.69,0->4,Transisi buka cepat 0->4 keran,transition_open,False,training_ge80_to_95,valve_open_count dan current tidak dipakai sebagai input model STM32
2026-06-05 22:17:11.936,249.212,0.85,0.2885333333333333,0.5614666666666667,0.00486666666666663,95.0,202.69,95.0,95.0,209.0,202.69,0->4,Transisi buka cepat 0->4 keran,transition_open,False,training_ge80_to_95,valve_open_count dan current tidak dipakai sebagai input model STM32
2026-06-05 22:17:12.532,249.808,0.85,0.2900666666666666,0.5599333333333334,0.0015333333333332755,95.0,203.04,95.0,95.0,209.0,203.04,0->4,Transisi buka cepat 0->4 keran,transition_open,False,training_ge80_to_95,valve_open_count dan current tidak dipakai sebagai input model STM32
2026-06-05 22:17:13.038,250.314,0.85,0.2855999999999999,0.5644,-0.004466666666666674,95.0,203.04,95.0,95.0,209.0,203.04,0->4,Transisi buka cepat 0->4 keran,transition_open,False,training_ge80_to_95,valve_open_count dan current tidak dipakai sebagai input model STM32
2026-06-05 22:17:13.528,250.804,0.85,0.2828666666666666,0.5671333333333334,-0.00273333333333331,95.0,203.04,95.0,95.0,209.0,203.04,4,4 keran stabil,stable,False,training_ge80_to_95,valve_open_count dan current tidak dipakai sebagai input model STM32
2026-06-05 22:17:14.108,251.384,0.85,0.2837333333333333,0.5662666666666667,0.0008666666666666822,95.0,203.04,95.0,95.0,209.0,203.04,4,4 keran stabil,stable,False,training_ge80_to_95,valve_open_count dan current tidak dipakai sebagai input model STM32
2026-06-05 22:17:14.670,251.946,0.85,0.2843333333333333,0.5656666666666667,0.0006000000000000449,95.0,203.06,95.0,95.0,209.0,203.06,4,4 keran stabil,stable,False,training_ge80_to_95,valve_open_count dan current tidak dipakai sebagai input model STM32
2026-06-05 22:17:15.230,252.506,0.85,0.2890666666666666,0.5609333333333334,0.004733333333333256,95.0,202.78,95.0,95.0,209.0,202.78,4,4 keran stabil,stable,False,training_ge80_to_95,valve_open_count dan current tidak dipakai sebagai input model STM32
2026-06-05 22:17:15.854,253.13,0.85,0.2882666666666666,0.5617333333333334,-0.0007999999999999674,95.0,202.78,95.0,95.0,209.0,202.78,4,4 keran stabil,stable,False,training_ge80_to_95,valve_open_count dan current tidak dipakai sebagai input model STM32
2026-06-05 22:17:16.413,253.689,0.85,0.2892,0.5608,0.0009333333333333971,95.0,202.95,95.0,95.0,209.0,202.95,4,4 keran stabil,stable,False,training_ge80_to_95,valve_open_count dan current tidak dipakai sebagai input model STM32
2026-06-05 22:17:16.978,254.254,0.85,0.2866666666666667,0.5633333333333332,-0.002533333333333332,95.0,202.95,95.0,95.0,209.0,202.95,4,4 keran stabil,stable,False,training_ge80_to_95,valve_open_count dan current tidak dipakai sebagai input model STM32
2026-06-05 22:17:17.519,254.795,0.85,0.2887333333333333,0.5612666666666667,0.0020666666666666056,95.0,202.97,95.0,95.0,209.0,202.97,4,4 keran stabil,stable,False,training_ge80_to_95,valve_open_count dan current tidak dipakai sebagai input model STM32
2026-06-05 22:17:18.062,255.338,0.85,0.2872,0.5628,-0.0015333333333332755,95.0,202.97,95.0,95.0,209.0,202.97,4,4 keran stabil,stable,False,training_ge80_to_95,valve_open_count dan current tidak dipakai sebagai input model STM32
2026-06-05 22:17:18.566,255.842,0.85,0.2869333333333334,0.5630666666666666,-0.0002666666666666373,95.0,203.1,95.0,95.0,209.0,203.1,4,4 keran stabil,stable,False,training_ge80_to_95,valve_open_count dan current tidak dipakai sebagai input model STM32
2026-06-05 22:17:19.063,256.339,0.85,0.2820666666666666,0.5679333333333334,-0.004866666666666797,95.0,203.1,95.0,95.0,209.0,203.1,4,4 keran stabil,stable,False,training_ge80_to_95,valve_open_count dan current tidak dipakai sebagai input model STM32
2026-06-05 22:17:19.563,256.839,0.85,0.2699333333333333,0.5800666666666667,-0.012133333333333274,95.0,203.08,95.0,95.0,209.0,203.08,4,4 keran stabil,stable,False,training_ge80_to_95,valve_open_count dan current tidak dipakai sebagai input model STM32
2026-06-05 22:17:20.094,257.37,0.85,0.2534666666666667,0.5965333333333334,-0.01646666666666663,95.0,203.08,95.0,95.0,209.0,203.08,3,3 keran stabil,stable,False,training_ge80_to_95,valve_open_count dan current tidak dipakai sebagai input model STM32
2026-06-05 22:17:20.652,257.928,0.85,0.2344666666666666,0.6155333333333334,-0.019000000000000072,95.0,203.04,95.0,95.0,209.0,203.04,3,3 keran stabil,stable,False,training_ge80_to_95,valve_open_count dan current tidak dipakai sebagai input model STM32
2026-06-05 22:17:21.152,258.428,0.85,0.2376666666666666,0.6123333333333334,0.0032000000000000084,95.0,203.04,95.0,95.0,209.0,203.04,3,3 keran stabil,stable,False,training_ge80_to_95,valve_open_count dan current tidak dipakai sebagai input model STM32
2026-06-05 22:17:21.712,258.988,0.85,0.233,0.617,-0.004666666666666597,95.0,203.17,95.0,95.0,209.0,203.17,3,3 keran stabil,stable,False,training_ge80_to_95,valve_open_count dan current tidak dipakai sebagai input model STM32
2026-06-05 22:17:22.272,259.548,0.85,0.2309999999999999,0.6190000000000001,-0.002000000000000113,95.0,203.19,95.0,95.0,209.0,203.19,3,3 keran stabil,stable,False,training_ge80_to_95,valve_open_count dan current tidak dipakai sebagai input model STM32
2026-06-05 22:17:22.771,260.047,0.85,0.2246666666666666,0.6253333333333334,-0.006333333333333302,95.0,203.19,95.0,95.0,209.0,203.19,3,3 keran stabil,stable,False,training_ge80_to_95,valve_open_count dan current tidak dipakai sebagai input model STM32
2026-06-05 22:17:23.267,260.543,0.85,0.2253333333333333,0.6246666666666667,0.0006666666666667043,95.0,202.92,95.0,95.0,209.0,202.92,3,3 keran stabil,stable,False,training_ge80_to_95,valve_open_count dan current tidak dipakai sebagai input model STM32
2026-06-05 22:17:23.766,261.042,0.85,0.2284,0.6215999999999999,0.0030666666666666897,95.0,202.92,95.0,95.0,209.0,202.92,3,3 keran stabil,stable,False,training_ge80_to_95,valve_open_count dan current tidak dipakai sebagai input model STM32
2026-06-05 22:17:24.265,261.541,0.85,0.2295333333333333,0.6204666666666667,0.0011333333333333195,95.0,203.09,95.0,95.0,209.0,203.09,3,3 keran stabil,stable,False,training_ge80_to_95,valve_open_count dan current tidak dipakai sebagai input model STM32
2026-06-05 22:17:24.826,262.102,0.85,0.262,0.588,0.0324666666666667,95.0,203.09,95.0,95.0,209.0,203.09,3,3 keran stabil,stable,False,training_ge80_to_95,valve_open_count dan current tidak dipakai sebagai input model STM32
2026-06-05 22:17:25.385,262.661,0.85,0.2937333333333333,0.5562666666666667,0.03173333333333328,95.0,203.02,95.0,95.0,209.0,203.02,3,3 keran stabil,stable,False,training_ge80_to_95,valve_open_count dan current tidak dipakai sebagai input model STM32
2026-06-05 22:17:25.882,263.158,0.85,0.3248666666666667,0.5251333333333332,0.0311333333333334,95.0,203.02,95.0,95.0,209.0,203.02,3,3 keran stabil,stable,False,training_ge80_to_95,valve_open_count dan current tidak dipakai sebagai input model STM32
2026-06-05 22:17:26.383,263.659,0.85,0.3308,0.5192,0.0059333333333332905,95.0,203.05,95.0,95.0,209.0,203.05,3,3 keran stabil,stable,False,training_ge80_to_95,valve_open_count dan current tidak dipakai sebagai input model STM32
2026-06-05 22:17:26.877,264.153,0.85,0.3282,0.5218,-0.002599999999999991,95.0,203.05,95.0,95.0,209.0,203.05,3,3 keran stabil,stable,False,training_ge80_to_95,valve_open_count dan current tidak dipakai sebagai input model STM32
2026-06-05 22:17:27.377,264.653,0.85,0.3286666666666666,0.5213333333333334,0.00046666666666661527,95.0,203.01,95.0,95.0,209.0,203.01,3,3 keran stabil,stable,False,training_ge80_to_95,valve_open_count dan current tidak dipakai sebagai input model STM32
2026-06-05 22:17:27.941,265.217,0.85,0.3248666666666667,0.5251333333333332,-0.0037999999999999146,95.0,203.01,95.0,95.0,209.0,203.01,3,3 keran stabil,stable,False,training_ge80_to_95,valve_open_count dan current tidak dipakai sebagai input model STM32
2026-06-05 22:17:28.501,265.777,0.85,0.3252,0.5247999999999999,0.0003333333333332966,95.0,203.09,95.0,95.0,209.0,203.09,3,3 keran stabil,stable,False,training_ge80_to_95,valve_open_count dan current tidak dipakai sebagai input model STM32
2026-06-05 22:17:29.000,266.276,0.85,0.3264666666666667,0.5235333333333333,0.0012666666666666937,95.0,203.09,95.0,95.0,209.0,203.09,3,3 keran stabil,stable,False,training_ge80_to_95,valve_open_count dan current tidak dipakai sebagai input model STM32
2026-06-05 22:17:29.497,266.773,0.85,0.3285333333333333,0.5214666666666667,0.0020666666666666056,95.0,203.01,95.0,95.0,209.0,203.01,3,3 keran stabil,stable,False,training_ge80_to_95,valve_open_count dan current tidak dipakai sebagai input model STM32
2026-06-05 22:17:30.117,267.393,0.85,0.3298,0.5202,0.0012666666666666937,95.0,203.01,95.0,95.0,209.0,203.01,3,3 keran stabil,stable,False,training_ge80_to_95,valve_open_count dan current tidak dipakai sebagai input model STM32
2026-06-05 22:17:30.616,267.892,0.85,0.3254,0.5246,-0.0043999999999999595,95.0,202.95,95.0,95.0,209.0,202.95,3,3 keran stabil,stable,False,training_ge80_to_95,valve_open_count dan current tidak dipakai sebagai input model STM32
2026-06-05 22:17:31.140,268.416,0.85,0.3238,0.5262,-0.0016000000000000458,95.0,202.95,95.0,95.0,209.0,202.95,3,3 keran stabil,stable,False,training_ge80_to_95,valve_open_count dan current tidak dipakai sebagai input model STM32
2026-06-05 22:17:31.733,269.009,0.85,0.3233333333333333,0.5266666666666666,-0.0004666666666666708,95.0,202.92,95.0,95.0,209.0,202.92,2,2 keran stabil,stable,False,training_ge80_to_95,valve_open_count dan current tidak dipakai sebagai input model STM32
2026-06-05 22:17:32.297,269.573,0.85,0.3253333333333333,0.5246666666666666,0.0020000000000000018,95.0,202.98,95.0,95.0,209.0,202.98,2,2 keran stabil,stable,False,training_ge80_to_95,valve_open_count dan current tidak dipakai sebagai input model STM32
2026-06-05 22:17:32.796,270.072,0.85,0.3410666666666666,0.5089333333333335,0.015733333333333266,95.0,202.98,95.0,95.0,209.0,202.98,2,2 keran stabil,stable,False,training_ge80_to_95,valve_open_count dan current tidak dipakai sebagai input model STM32
2026-06-05 22:17:33.294,270.57,0.85,0.3718,0.47819999999999996,0.030733333333333446,95.0,202.81,95.0,95.0,209.0,202.81,2,2 keran stabil,stable,False,training_ge80_to_95,valve_open_count dan current tidak dipakai sebagai input model STM32
2026-06-05 22:17:33.854,271.13,0.85,0.4069333333333333,0.44306666666666666,0.035133333333333294,95.0,202.81,95.0,95.0,209.0,202.81,2,2 keran stabil,stable,False,training_ge80_to_95,valve_open_count dan current tidak dipakai sebagai input model STM32
2026-06-05 22:17:34.420,271.696,0.85,0.4241999999999999,0.42580000000000007,0.017266666666666597,95.0,202.76,95.0,95.0,209.0,202.76,2,2 keran stabil,stable,False,training_ge80_to_95,valve_open_count dan current tidak dipakai sebagai input model STM32
2026-06-05 22:17:35.041,272.317,0.85,0.4232666666666667,0.4267333333333333,-0.0009333333333332305,95.0,202.76,95.0,95.0,209.0,202.76,2,2 keran stabil,stable,False,training_ge80_to_95,valve_open_count dan current tidak dipakai sebagai input model STM32
2026-06-05 22:17:35.539,272.815,0.85,0.4188666666666666,0.43113333333333337,-0.0044000000000000705,95.0,202.76,95.0,95.0,209.0,202.76,2,2 keran stabil,stable,False,training_ge80_to_95,valve_open_count dan current tidak dipakai sebagai input model STM32
2026-06-05 22:17:36.038,273.314,0.85,0.4168666666666666,0.43313333333333337,-0.0020000000000000018,95.0,202.76,95.0,95.0,209.0,202.76,2,2 keran stabil,stable,False,training_ge80_to_95,valve_open_count dan current tidak dipakai sebagai input model STM32
2026-06-05 22:17:36.534,273.81,0.85,0.4216666666666667,0.4283333333333333,0.004800000000000082,95.0,202.68,95.0,95.0,209.0,202.68,2,2 keran stabil,stable,False,training_ge80_to_95,valve_open_count dan current tidak dipakai sebagai input model STM32
2026-06-05 22:17:37.034,274.31,0.85,0.4274666666666666,0.42253333333333337,0.005799999999999916,95.0,202.68,95.0,95.0,209.0,202.68,2,2 keran stabil,stable,False,training_ge80_to_95,valve_open_count dan current tidak dipakai sebagai input model STM32
2026-06-05 22:17:37.530,274.806,0.85,0.4232666666666667,0.4267333333333333,-0.004199999999999926,95.0,202.87,95.0,95.0,209.0,202.87,2,2 keran stabil,stable,False,training_ge80_to_95,valve_open_count dan current tidak dipakai sebagai input model STM32
2026-06-05 22:17:38.027,275.303,0.85,0.4179333333333333,0.43206666666666665,-0.005333333333333357,95.0,202.87,95.0,95.0,209.0,202.87,2,2 keran stabil,stable,False,training_ge80_to_95,valve_open_count dan current tidak dipakai sebagai input model STM32
2026-06-05 22:17:38.646,275.922,0.85,0.4122,0.43779999999999997,-0.0057333333333333125,95.0,203.03,95.0,95.0,209.0,203.03,2,2 keran stabil,stable,False,training_ge80_to_95,valve_open_count dan current tidak dipakai sebagai input model STM32
2026-06-05 22:17:39.146,276.422,0.85,0.4142,0.43579999999999997,0.0020000000000000018,95.0,203.03,95.0,95.0,209.0,203.03,2,2 keran stabil,stable,False,training_ge80_to_95,valve_open_count dan current tidak dipakai sebagai input model STM32
2026-06-05 22:17:39.642,276.918,0.85,0.4171333333333333,0.4328666666666667,0.002933333333333288,95.0,203.09,95.0,95.0,209.0,203.09,2,2 keran stabil,stable,False,training_ge80_to_95,valve_open_count dan current tidak dipakai sebagai input model STM32
2026-06-05 22:17:40.141,277.417,0.85,0.4177333333333333,0.4322666666666667,0.0005999999999999894,95.0,203.09,95.0,95.0,209.0,203.09,2,2 keran stabil,stable,False,training_ge80_to_95,valve_open_count dan current tidak dipakai sebagai input model STM32
2026-06-05 22:17:40.642,277.918,0.85,0.4174666666666666,0.4325333333333334,-0.0002666666666666928,95.0,203.11,95.0,95.0,209.0,203.11,2,2 keran stabil,stable,False,training_ge80_to_95,valve_open_count dan current tidak dipakai sebagai input model STM32
2026-06-05 22:17:41.276,278.552,0.85,0.4144,0.4356,-0.0030666666666666065,95.0,203.17,95.0,95.0,209.0,203.17,2,2 keran stabil,stable,False,training_ge80_to_95,valve_open_count dan current tidak dipakai sebagai input model STM32
2026-06-05 22:17:41.799,279.075,0.85,0.4177333333333333,0.4322666666666667,0.0033333333333332993,95.0,203.17,95.0,95.0,209.0,203.17,2,2 keran stabil,stable,False,training_ge80_to_95,valve_open_count dan current tidak dipakai sebagai input model STM32
2026-06-05 22:17:42.327,279.603,0.85,0.4418666666666667,0.4081333333333333,0.024133333333333395,95.0,203.19,95.0,95.0,209.0,203.19,1,1 keran stabil,stable,False,training_ge80_to_95,valve_open_count dan current tidak dipakai sebagai input model STM32
2026-06-05 22:17:42.867,280.143,0.85,0.481,0.369,0.0391333333333333,95.0,203.19,95.0,95.0,209.0,203.19,1,1 keran stabil,stable,False,training_ge80_to_95,valve_open_count dan current tidak dipakai sebagai input model STM32
2026-06-05 22:17:43.424,280.7,0.85,0.5130666666666667,0.3369333333333333,0.03206666666666669,95.0,202.88,95.0,95.0,209.0,202.88,1,1 keran stabil,stable,False,training_ge80_to_95,valve_open_count dan current tidak dipakai sebagai input model STM32
2026-06-05 22:17:43.924,281.2,0.85,0.5253333333333334,0.32466666666666655,0.012266666666666759,95.0,202.88,95.0,95.0,209.0,202.88,1,1 keran stabil,stable,False,training_ge80_to_95,valve_open_count dan current tidak dipakai sebagai input model STM32
2026-06-05 22:17:44.422,281.698,0.85,0.5256000000000001,0.3243999999999999,0.0002666666666666373,95.0,202.86,95.0,95.0,209.0,202.86,1,1 keran stabil,stable,False,training_ge80_to_95,valve_open_count dan current tidak dipakai sebagai input model STM32
2026-06-05 22:17:44.920,282.196,0.85,0.5226000000000001,0.3273999999999999,-0.0030000000000000027,95.0,202.86,95.0,95.0,209.0,202.86,1,1 keran stabil,stable,False,training_ge80_to_95,valve_open_count dan current tidak dipakai sebagai input model STM32
2026-06-05 22:17:45.477,282.753,0.85,0.5285333333333334,0.32146666666666657,0.005933333333333346,95.0,202.96,95.0,95.0,209.0,202.96,1,1 keran stabil,stable,False,training_ge80_to_95,valve_open_count dan current tidak dipakai sebagai input model STM32
2026-06-05 22:17:45.978,283.254,0.85,0.5313333333333333,0.31866666666666665,0.0027999999999999137,95.0,202.96,95.0,95.0,209.0,202.96,1,1 keran stabil,stable,False,training_ge80_to_95,valve_open_count dan current tidak dipakai sebagai input model STM32
2026-06-05 22:17:46.536,283.812,0.85,0.5424666666666667,0.3075333333333333,0.011133333333333328,95.0,202.94,95.0,95.0,209.0,202.94,1,1 keran stabil,stable,False,training_ge80_to_95,valve_open_count dan current tidak dipakai sebagai input model STM32
2026-06-05 22:17:47.097,284.373,0.85,0.537,0.31299999999999994,-0.00546666666666662,95.0,202.94,95.0,95.0,209.0,202.94,1,1 keran stabil,stable,False,training_ge80_to_95,valve_open_count dan current tidak dipakai sebagai input model STM32
2026-06-05 22:17:47.658,284.934,0.85,0.534,0.31599999999999995,-0.0030000000000000027,95.0,202.92,95.0,95.0,209.0,202.92,1,1 keran stabil,stable,False,training_ge80_to_95,valve_open_count dan current tidak dipakai sebagai input model STM32
2026-06-05 22:17:48.156,285.432,0.85,0.5289333333333334,0.3210666666666666,-0.005066666666666664,95.0,202.92,95.0,95.0,209.0,202.92,1,1 keran stabil,stable,False,training_ge80_to_95,valve_open_count dan current tidak dipakai sebagai input model STM32
2026-06-05 22:17:48.654,285.93,0.85,0.5264666666666666,0.32353333333333334,-0.002466666666666728,95.0,202.91,95.0,95.0,209.0,202.91,1,1 keran stabil,stable,False,training_ge80_to_95,valve_open_count dan current tidak dipakai sebagai input model STM32
2026-06-05 22:17:49.220,286.496,0.85,0.5261333333333333,0.32386666666666664,-0.0003333333333332966,95.0,202.91,95.0,95.0,209.0,202.91,1,1 keran stabil,stable,False,training_ge80_to_95,valve_open_count dan current tidak dipakai sebagai input model STM32
2026-06-05 22:17:49.762,287.038,0.85,0.5238666666666667,0.3261333333333333,-0.002266666666666639,95.0,202.87,95.0,95.0,209.0,202.87,1,1 keran stabil,stable,False,training_ge80_to_95,valve_open_count dan current tidak dipakai sebagai input model STM32
2026-06-05 22:17:50.353,287.629,0.85,0.5338666666666667,0.31613333333333327,0.010000000000000009,95.0,202.86,95.0,95.0,209.0,202.86,0,0 keran stabil,stable,False,training_ge80_to_95,valve_open_count dan current tidak dipakai sebagai input model STM32
2026-06-05 22:17:50.963,288.239,0.85,0.6432666666666668,0.2067333333333332,0.10940000000000005,95.0,202.86,95.0,95.0,209.0,202.86,0,0 keran stabil,stable,False,training_ge80_to_95,valve_open_count dan current tidak dipakai sebagai input model STM32
2026-06-05 22:17:51.453,288.729,0.85,0.7542666666666666,0.09573333333333334,0.11099999999999988,95.0,202.43,95.0,95.0,209.0,202.43,0,0 keran stabil,stable,False,training_ge80_to_95,valve_open_count dan current tidak dipakai sebagai input model STM32
2026-06-05 22:17:51.972,289.248,0.85,0.8903333333333333,-0.04033333333333333,0.13606666666666667,95.0,202.43,90.46366666666667,95.0,209.0,202.43,0,0 keran stabil,stable,False,training_ge80_to_95,valve_open_count dan current tidak dipakai sebagai input model STM32
2026-06-05 22:17:52.546,289.822,0.85,0.9448,-0.0948,0.05446666666666666,95.0,202.39,89.64466666666667,95.0,209.0,202.39,0,0 keran stabil,stable,False,training_ge80_to_95,valve_open_count dan current tidak dipakai sebagai input model STM32
2026-06-05 22:17:53.166,290.442,0.85,0.9388,-0.08879999999999999,-0.006000000000000005,95.0,202.39,91.12400000000001,95.0,209.0,202.39,0,0 keran stabil,stable,False,training_ge80_to_95,valve_open_count dan current tidak dipakai sebagai input model STM32
2026-06-05 22:17:53.664,290.94,0.85,0.9319333333333334,-0.08193333333333341,-0.0068666666666665765,95.0,202.35,91.45033333333333,95.0,209.0,202.35,0,0 keran stabil,stable,False,training_ge80_to_95,valve_open_count dan current tidak dipakai sebagai input model STM32
2026-06-05 22:17:54.162,291.438,0.85,0.9292666666666668,-0.07926666666666682,-0.002666666666666595,95.0,202.35,91.48633333333332,95.0,209.0,202.35,0,0 keran stabil,stable,False,training_ge80_to_95,valve_open_count dan current tidak dipakai sebagai input model STM32
2026-06-05 22:17:54.710,291.986,0.85,0.9171333333333334,-0.06713333333333338,-0.01213333333333344,95.0,202.49,92.22166666666666,95.0,209.0,202.49,0,0 keran stabil,stable,False,training_ge80_to_95,valve_open_count dan current tidak dipakai sebagai input model STM32
2026-06-05 22:17:55.205,292.481,0.85,0.9112666666666668,-0.0612666666666668,-0.005866666666666576,95.0,202.49,92.36033333333333,95.0,209.0,202.49,0,0 keran stabil,stable,False,training_ge80_to_95,valve_open_count dan current tidak dipakai sebagai input model STM32
2026-06-05 22:17:55.772,293.048,0.85,0.9092666666666668,-0.0592666666666668,-0.0020000000000000018,95.0,202.52,92.373,95.0,209.0,202.52,0,0 keran stabil,stable,False,training_ge80_to_95,valve_open_count dan current tidak dipakai sebagai input model STM32
2026-06-05 22:17:56.333,293.609,0.85,0.8442666666666666,0.005733333333333368,-0.06500000000000017,95.0,202.57,95.0,95.0,209.0,202.57,0,0 keran stabil,stable,False,training_ge80_to_95,valve_open_count dan current tidak dipakai sebagai input model STM32
2026-06-05 22:17:56.895,294.171,0.85,0.747,0.10299999999999998,-0.09726666666666661,95.0,202.57,95.0,95.0,209.0,202.57,0->4,Transisi buka cepat 0->4 keran,transition_open,False,training_ge80_to_95,valve_open_count dan current tidak dipakai sebagai input model STM32
2026-06-05 22:17:57.455,294.731,0.85,0.6478666666666667,0.20213333333333328,-0.0991333333333333,95.0,202.76,95.0,95.0,209.0,202.76,0->4,Transisi buka cepat 0->4 keran,transition_open,False,training_ge80_to_95,valve_open_count dan current tidak dipakai sebagai input model STM32
2026-06-05 22:17:58.015,295.291,0.85,0.6030666666666666,0.24693333333333334,-0.04480000000000006,95.0,202.76,95.0,95.0,209.0,202.76,0->4,Transisi buka cepat 0->4 keran,transition_open,False,training_ge80_to_95,valve_open_count dan current tidak dipakai sebagai input model STM32
2026-06-05 22:17:58.570,295.846,0.85,0.5475333333333333,0.30246666666666666,-0.05553333333333332,95.0,202.9,95.0,95.0,209.0,202.9,0->4,Transisi buka cepat 0->4 keran,transition_open,False,training_ge80_to_95,valve_open_count dan current tidak dipakai sebagai input model STM32
2026-06-05 22:17:59.073,296.349,0.85,0.4926,0.3574,-0.054933333333333334,95.0,202.9,95.0,95.0,209.0,202.9,0->4,Transisi buka cepat 0->4 keran,transition_open,False,training_ge80_to_95,valve_open_count dan current tidak dipakai sebagai input model STM32
2026-06-05 22:17:59.577,296.853,0.85,0.4480666666666666,0.40193333333333336,-0.04453333333333337,95.0,203.15,95.0,95.0,209.0,203.15,0->4,Transisi buka cepat 0->4 keran,transition_open,False,training_ge80_to_95,valve_open_count dan current tidak dipakai sebagai input model STM32
2026-06-05 22:18:00.142,297.418,0.85,0.4487333333333333,0.40126666666666666,0.0006666666666667043,95.0,203.15,95.0,95.0,209.0,203.15,0->4,Transisi buka cepat 0->4 keran,transition_open,False,training_ge80_to_95,valve_open_count dan current tidak dipakai sebagai input model STM32
2026-06-05 22:18:00.702,297.978,0.85,0.444,0.40599999999999997,-0.004733333333333312,95.0,203.17,95.0,95.0,209.0,203.17,0->4,Transisi buka cepat 0->4 keran,transition_open,False,training_ge80_to_95,valve_open_count dan current tidak dipakai sebagai input model STM32
2026-06-05 22:18:01.201,298.477,0.85,0.4463999999999999,0.40360000000000007,0.002399999999999902,95.0,203.17,95.0,95.0,209.0,203.17,0->4,Transisi buka cepat 0->4 keran,transition_open,False,training_ge80_to_95,valve_open_count dan current tidak dipakai sebagai input model STM32
2026-06-05 22:18:01.699,298.975,0.85,0.4485333333333333,0.4014666666666667,0.002133333333333376,95.0,203.1,95.0,95.0,209.0,203.1,0->4,Transisi buka cepat 0->4 keran,transition_open,False,training_ge80_to_95,valve_open_count dan current tidak dipakai sebagai input model STM32
2026-06-05 22:18:02.321,299.597,0.85,0.4532666666666667,0.39673333333333327,0.004733333333333423,95.0,203.1,95.0,95.0,209.0,203.1,0->4,Transisi buka cepat 0->4 keran,transition_open,False,training_ge80_to_95,valve_open_count dan current tidak dipakai sebagai input model STM32
2026-06-05 22:18:02.818,300.094,0.85,0.4411333333333333,0.40886666666666666,-0.012133333333333385,95.0,203.1,95.0,95.0,209.0,203.1,0->4,Transisi buka cepat 0->4 keran,transition_open,False,training_ge80_to_95,valve_open_count dan current tidak dipakai sebagai input model STM32
2026-06-05 22:18:03.377,300.653,0.85,0.4172,0.43279999999999996,-0.023933333333333306,95.0,203.01,95.0,95.0,209.0,203.01,0->4,Transisi buka cepat 0->4 keran,transition_open,False,training_ge80_to_95,valve_open_count dan current tidak dipakai sebagai input model STM32
2026-06-05 22:18:03.876,301.152,0.85,0.3879333333333333,0.4620666666666667,-0.02926666666666672,95.0,203.01,95.0,95.0,209.0,203.01,0->4,Transisi buka cepat 0->4 keran,transition_open,False,training_ge80_to_95,valve_open_count dan current tidak dipakai sebagai input model STM32
2026-06-05 22:18:04.372,301.648,0.85,0.375,0.475,-0.012933333333333297,95.0,203.02,95.0,95.0,209.0,203.02,0->4,Transisi buka cepat 0->4 keran,transition_open,False,training_ge80_to_95,valve_open_count dan current tidak dipakai sebagai input model STM32
2026-06-05 22:18:04.932,302.208,0.85,0.3646666666666666,0.4853333333333334,-0.010333333333333417,95.0,203.02,95.0,95.0,209.0,203.02,0->4,Transisi buka cepat 0->4 keran,transition_open,False,training_ge80_to_95,valve_open_count dan current tidak dipakai sebagai input model STM32
2026-06-05 22:18:05.491,302.767,0.85,0.3653333333333333,0.4846666666666667,0.0006666666666667043,95.0,203.19,95.0,95.0,209.0,203.19,0->4,Transisi buka cepat 0->4 keran,transition_open,False,training_ge80_to_95,valve_open_count dan current tidak dipakai sebagai input model STM32
2026-06-05 22:18:05.990,303.266,0.85,0.3661333333333333,0.48386666666666667,0.0008000000000000229,95.0,203.19,95.0,95.0,209.0,203.19,0->4,Transisi buka cepat 0->4 keran,transition_open,False,training_ge80_to_95,valve_open_count dan current tidak dipakai sebagai input model STM32
2026-06-05 22:18:06.489,303.765,0.85,0.3659333333333333,0.4840666666666667,-0.00020000000000003348,95.0,203.18,95.0,95.0,209.0,203.18,0->4,Transisi buka cepat 0->4 keran,transition_open,False,training_ge80_to_95,valve_open_count dan current tidak dipakai sebagai input model STM32
2026-06-05 22:18:06.987,304.263,0.85,0.3619333333333333,0.4880666666666667,-0.0040000000000000036,95.0,203.18,95.0,95.0,209.0,203.18,0->4,Transisi buka cepat 0->4 keran,transition_open,False,training_ge80_to_95,valve_open_count dan current tidak dipakai sebagai input model STM32
2026-06-05 22:18:07.550,304.826,0.85,0.3637333333333333,0.4862666666666667,0.0018000000000000238,95.0,203.21,95.0,95.0,209.0,203.21,0->4,Transisi buka cepat 0->4 keran,transition_open,False,training_ge80_to_95,valve_open_count dan current tidak dipakai sebagai input model STM32
2026-06-05 22:18:08.049,305.325,0.85,0.3610666666666666,0.4889333333333334,-0.002666666666666706,95.0,203.21,95.0,95.0,209.0,203.21,0->4,Transisi buka cepat 0->4 keran,transition_open,False,training_ge80_to_95,valve_open_count dan current tidak dipakai sebagai input model STM32
2026-06-05 22:18:08.607,305.883,0.85,0.3596,0.4904,-0.0014666666666666162,95.0,203.15,95.0,95.0,209.0,203.15,0->4,Transisi buka cepat 0->4 keran,transition_open,False,training_ge80_to_95,valve_open_count dan current tidak dipakai sebagai input model STM32
2026-06-05 22:18:09.110,306.386,0.85,0.3559333333333334,0.4940666666666666,-0.003666666666666596,95.0,203.15,95.0,95.0,209.0,203.15,0->4,Transisi buka cepat 0->4 keran,transition_open,False,training_ge80_to_95,valve_open_count dan current tidak dipakai sebagai input model STM32
2026-06-05 22:18:09.605,306.881,0.85,0.3494,0.5005999999999999,-0.006533333333333391,95.0,203.08,95.0,95.0,209.0,203.08,0->4,Transisi buka cepat 0->4 keran,transition_open,False,training_ge80_to_95,valve_open_count dan current tidak dipakai sebagai input model STM32
2026-06-05 22:18:10.105,307.381,0.85,0.3384666666666666,0.5115333333333334,-0.010933333333333406,95.0,203.08,95.0,95.0,209.0,203.08,0->4,Transisi buka cepat 0->4 keran,transition_open,False,training_ge80_to_95,valve_open_count dan current tidak dipakai sebagai input model STM32
2026-06-05 22:18:10.608,307.884,0.85,0.3194666666666667,0.5305333333333333,-0.018999999999999906,95.0,203.13,95.0,95.0,209.0,203.13,0->4,Transisi buka cepat 0->4 keran,transition_open,False,training_ge80_to_95,valve_open_count dan current tidak dipakai sebagai input model STM32
2026-06-05 22:18:11.177,308.453,0.85,0.3134666666666666,0.5365333333333333,-0.006000000000000061,95.0,203.13,95.0,95.0,209.0,203.13,0->4,Transisi buka cepat 0->4 keran,transition_open,False,training_ge80_to_95,valve_open_count dan current tidak dipakai sebagai input model STM32
2026-06-05 22:18:11.720,308.996,0.85,0.3087999999999999,0.5412000000000001,-0.004666666666666708,95.0,203.17,95.0,95.0,209.0,203.17,0->4,Transisi buka cepat 0->4 keran,transition_open,False,training_ge80_to_95,valve_open_count dan current tidak dipakai sebagai input model STM32
2026-06-05 22:18:12.235,309.511,0.85,0.3108,0.5391999999999999,0.002000000000000113,95.0,203.17,95.0,95.0,209.0,203.17,0->4,Transisi buka cepat 0->4 keran,transition_open,False,training_ge80_to_95,valve_open_count dan current tidak dipakai sebagai input model STM32
2026-06-05 22:18:12.749,310.025,0.85,0.3088666666666667,0.5411333333333332,-0.0019333333333333425,95.0,203.17,95.0,95.0,209.0,203.17,0->4,Transisi buka cepat 0->4 keran,transition_open,False,training_ge80_to_95,valve_open_count dan current tidak dipakai sebagai input model STM32
2026-06-05 22:18:13.425,310.701,0.85,0.3094,0.5406,0.0005333333333333301,95.0,203.23,95.0,95.0,209.0,203.23,0->4,Transisi buka cepat 0->4 keran,transition_open,False,training_ge80_to_95,valve_open_count dan current tidak dipakai sebagai input model STM32
2026-06-05 22:18:13.935,311.211,0.85,0.3126666666666666,0.5373333333333334,0.0032666666666665845,95.0,203.23,95.0,95.0,209.0,203.23,0->4,Transisi buka cepat 0->4 keran,transition_open,False,training_ge80_to_95,valve_open_count dan current tidak dipakai sebagai input model STM32
2026-06-05 22:18:14.519,311.795,0.85,0.3126,0.5374,-6.666666666660381e-05,95.0,203.01,95.0,95.0,209.0,203.01,0->4,Transisi buka cepat 0->4 keran,transition_open,False,training_ge80_to_95,valve_open_count dan current tidak dipakai sebagai input model STM32
2026-06-05 22:18:15.017,312.293,0.85,0.3108,0.5391999999999999,-0.0017999999999999683,95.0,203.01,95.0,95.0,209.0,203.01,0->4,Transisi buka cepat 0->4 keran,transition_open,False,training_ge80_to_95,valve_open_count dan current tidak dipakai sebagai input model STM32
2026-06-05 22:18:15.516,312.792,0.85,0.3069333333333333,0.5430666666666667,-0.0038666666666667404,95.0,203.04,95.0,95.0,209.0,203.04,0->4,Transisi buka cepat 0->4 keran,transition_open,False,training_ge80_to_95,valve_open_count dan current tidak dipakai sebagai input model STM32
2026-06-05 22:18:16.013,313.289,0.85,0.3065333333333333,0.5434666666666667,-0.00039999999999995595,95.0,203.04,95.0,95.0,209.0,203.04,0->4,Transisi buka cepat 0->4 keran,transition_open,False,training_ge80_to_95,valve_open_count dan current tidak dipakai sebagai input model STM32
2026-06-05 22:18:16.542,313.818,0.85,0.3074666666666666,0.5425333333333333,0.000933333333333286,95.0,203.11,95.0,95.0,209.0,203.11,0->4,Transisi buka cepat 0->4 keran,transition_open,False,training_ge80_to_95,valve_open_count dan current tidak dipakai sebagai input model STM32
2026-06-05 22:18:17.147,314.423,0.85,0.3169333333333333,0.5330666666666667,0.009466666666666679,95.0,203.11,95.0,95.0,209.0,203.11,0->4,Transisi buka cepat 0->4 keran,transition_open,False,training_ge80_to_95,valve_open_count dan current tidak dipakai sebagai input model STM32
2026-06-05 22:18:17.742,315.018,0.85,0.3167999999999999,0.5332000000000001,-0.00013333333333337416,95.0,203.21,95.0,95.0,209.0,203.21,0->4,Transisi buka cepat 0->4 keran,transition_open,False,training_ge80_to_95,valve_open_count dan current tidak dipakai sebagai input model STM32
2026-06-05 22:18:18.408,315.684,0.85,0.3094666666666666,0.5405333333333333,-0.007333333333333303,95.0,203.21,95.0,95.0,209.0,203.21,0->4,Transisi buka cepat 0->4 keran,transition_open,False,training_ge80_to_95,valve_open_count dan current tidak dipakai sebagai input model STM32
2026-06-05 22:18:19.050,316.326,0.85,0.3046666666666667,0.5453333333333332,-0.0047999999999999154,95.0,203.21,95.0,95.0,209.0,203.21,0->4,Transisi buka cepat 0->4 keran,transition_open,False,training_ge80_to_95,valve_open_count dan current tidak dipakai sebagai input model STM32
2026-06-05 22:18:19.632,316.908,0.85,0.3002,0.5498,-0.004466666666666674,95.0,203.22,95.0,80.0,176.0,203.22,0->4,Transisi buka cepat 0->4 keran,transition_open,False,training_ge80_to_95,valve_open_count dan current tidak dipakai sebagai input model STM32
2026-06-05 22:18:20.153,317.429,0.85,0.2556,0.5944,-0.04460000000000003,80.0,203.22,95.0,80.0,176.0,203.22,0->4,Transisi buka cepat 0->4 keran,transition_open,False,training_ge80_to_95,valve_open_count dan current tidak dipakai sebagai input model STM32
2026-06-05 22:18:20.756,318.032,0.85,0.2095333333333333,0.6404666666666667,-0.0460666666666667,80.0,171.77,95.0,80.0,176.0,171.77,0->4,Transisi buka cepat 0->4 keran,transition_open,False,training_ge80_to_95,valve_open_count dan current tidak dipakai sebagai input model STM32
2026-06-05 22:18:21.256,318.532,0.85,0.1744,0.6756,-0.035133333333333294,80.0,171.77,95.0,80.0,176.0,171.77,0->4,Transisi buka cepat 0->4 keran,transition_open,False,training_ge80_to_95,valve_open_count dan current tidak dipakai sebagai input model STM32
2026-06-05 22:18:21.863,319.139,0.85,0.1811333333333333,0.6688666666666667,0.006733333333333313,80.0,171.71,95.0,80.0,176.0,171.71,0->4,Transisi buka cepat 0->4 keran,transition_open,False,training_ge80_to_95,valve_open_count dan current tidak dipakai sebagai input model STM32
2026-06-05 22:18:22.447,319.723,0.85,0.1876666666666666,0.6623333333333334,0.00653333333333328,80.0,171.74,95.0,80.0,176.0,171.74,0->4,Transisi buka cepat 0->4 keran,transition_open,False,training_ge80_to_95,valve_open_count dan current tidak dipakai sebagai input model STM32
2026-06-05 22:18:22.937,320.213,0.85,0.1891333333333333,0.6608666666666667,0.0014666666666666994,80.0,171.74,95.0,80.0,176.0,171.74,0->4,Transisi buka cepat 0->4 keran,transition_open,False,training_ge80_to_95,valve_open_count dan current tidak dipakai sebagai input model STM32
2026-06-05 22:18:23.511,320.787,0.85,0.1922,0.6577999999999999,0.0030666666666667175,80.0,171.72,95.0,80.0,176.0,171.72,0->4,Transisi buka cepat 0->4 keran,transition_open,False,training_ge80_to_95,valve_open_count dan current tidak dipakai sebagai input model STM32
2026-06-05 22:18:24.042,321.318,0.85,0.1888,0.6612,-0.003400000000000014,80.0,171.72,95.0,80.0,176.0,171.72,0->4,Transisi buka cepat 0->4 keran,transition_open,False,training_ge80_to_95,valve_open_count dan current tidak dipakai sebagai input model STM32
2026-06-05 22:18:24.555,321.831,0.85,0.1884,0.6616,-0.0003999999999999837,80.0,171.63,95.0,80.0,176.0,171.63,0->4,Transisi buka cepat 0->4 keran,transition_open,False,training_ge80_to_95,valve_open_count dan current tidak dipakai sebagai input model STM32
2026-06-05 22:18:25.085,322.361,0.85,0.1872666666666666,0.6627333333333334,-0.0011333333333334028,80.0,171.63,95.0,80.0,176.0,171.63,0->4,Transisi buka cepat 0->4 keran,transition_open,False,training_ge80_to_95,valve_open_count dan current tidak dipakai sebagai input model STM32
