pc_timestamp,stm32_ms,adc_raw,adc_voltage_v,sensor_voltage_v,pressure_bar,duty_percent,frequency_hz,estimated_output_rms_v,jsy_online,jsy_voltage_rms_v,jsy_current_rms_a,jsy_active_power_w,jsy_power_factor,jsy_energy_kwh,jsy_error_count
2026-05-22T21:59:34.431,33485,666,0.537,0.799,0.898,50.0,5000,110.0,0,0.0,0.0,0,0.0,0.0,20
2026-05-22T21:59:34.532,33589,793,0.639,0.952,1.356,50.0,5000,110.0,0,0.0,0.0,0,0.0,0.0,20
2026-05-22T21:59:34.804,33867,639,0.515,0.767,0.801,50.0,5000,110.0,0,0.0,0.0,0,0.0,0.0,21
2026-05-22T21:59:34.927,33971,805,0.649,0.966,1.399,50.0,5000,110.0,0,0.0,0.0,0,0.0,0.0,21
2026-05-22T21:59:35.031,34075,876,0.706,1.051,1.654,50.0,5000,110.0,0,0.0,0.0,0,0.0,0.0,21
2026-05-22T21:59:35.145,34179,821,0.662,0.985,1.456,50.0,5000,110.0,0,0.0,0.0,0,0.0,0.0,21
2026-05-22T21:59:35.222,34283,694,0.559,0.833,0.999,50.0,5000,110.0,0,0.0,0.0,0,0.0,0.0,21
2026-05-22T21:59:35.347,34387,641,0.517,0.769,0.808,50.0,5000,110.0,0,0.0,0.0,0,0.0,0.0,21
2026-05-22T21:59:35.453,34491,727,0.586,0.873,1.118,50.0,5000,110.0,0,0.0,0.0,0,0.0,0.0,21
2026-05-22T21:59:35.554,34595,856,0.69,1.027,1.582,50.0,5000,110.0,0,0.0,0.0,0,0.0,0.0,21
2026-05-22T21:59:35.807,34873,686,0.553,0.823,0.97,50.0,5000,110.0,0,0.0,0.0,0,0.0,0.0,22
2026-05-22T21:59:35.907,34977,857,0.691,1.029,1.586,50.0,5000,110.0,0,0.0,0.0,0,0.0,0.0,22
2026-05-22T21:59:36.009,35081,865,0.697,1.038,1.615,50.0,5000,110.0,0,0.0,0.0,0,0.0,0.0,22
2026-05-22T21:59:36.111,35185,750,0.604,0.9,1.201,50.0,5000,110.0,0,0.0,0.0,0,0.0,0.0,22
2026-05-22T21:59:36.221,35289,648,0.522,0.778,0.833,50.0,5000,110.0,0,0.0,0.0,0,0.0,0.0,22
2026-05-22T21:59:36.323,35393,676,0.545,0.811,0.934,50.0,5000,110.0,0,0.0,0.0,0,0.0,0.0,22
2026-05-22T21:59:36.428,35497,804,0.648,0.965,1.395,50.0,5000,110.0,0,0.0,0.0,0,0.0,0.0,22
2026-05-22T21:59:36.533,35601,882,0.711,1.059,1.676,50.0,5000,110.0,0,0.0,0.0,0,0.0,0.0,22
2026-05-22T21:59:36.834,35879,750,0.604,0.9,1.201,50.0,5000,110.0,0,0.0,0.0,0,0.0,0.0,23
2026-05-22T21:59:36.937,35983,878,0.708,1.054,1.662,50.0,5000,110.0,0,0.0,0.0,0,0.0,0.0,23
2026-05-22T21:59:37.000,36087,816,0.658,0.979,1.438,50.0,5000,110.0,0,0.0,0.0,0,0.0,0.0,23
2026-05-22T21:59:37.113,36191,686,0.553,0.823,0.97,50.0,5000,110.0,0,0.0,0.0,0,0.0,0.0,23
2026-05-22T21:59:37.219,36295,641,0.517,0.769,0.808,50.0,5000,110.0,0,0.0,0.0,0,0.0,0.0,23
2026-05-22T21:59:37.325,36399,733,0.591,0.88,1.14,50.0,5000,110.0,0,0.0,0.0,0,0.0,0.0,23
2026-05-22T21:59:37.437,36503,856,0.69,1.027,1.582,50.0,5000,110.0,0,0.0,0.0,0,0.0,0.0,23
2026-05-22T21:59:37.561,36607,867,0.699,1.041,1.622,50.0,5000,110.0,0,0.0,0.0,0,0.0,0.0,23
2026-05-22T21:59:37.816,36885,804,0.648,0.965,1.395,50.0,5000,110.0,0,0.0,0.0,0,0.0,0.0,24
2026-05-22T21:59:37.918,36989,861,0.694,1.033,1.6,50.0,5000,110.0,0,0.0,0.0,0,0.0,0.0,24
2026-05-22T21:59:38.046,37093,739,0.596,0.887,1.161,50.0,5000,110.0,0,0.0,0.0,0,0.0,0.0,24
2026-05-22T21:59:38.107,37197,651,0.525,0.781,0.844,50.0,5000,110.0,0,0.0,0.0,0,0.0,0.0,24
2026-05-22T21:59:53.416,52524,801,0.645,0.961,1.384,50.0,5000,110.0,0,0.0,0.0,0,0.0,0.0,27
2026-05-22T21:59:53.517,52628,883,0.712,1.06,1.68,50.0,5000,110.0,0,0.0,0.0,0,0.0,0.0,27
2026-05-22T21:59:53.618,52732,838,0.675,1.006,1.518,50.0,5000,110.0,0,0.0,0.0,0,0.0,0.0,27
2026-05-22T21:59:53.872,53010,837,0.675,1.005,1.514,50.0,5000,110.0,0,0.0,0.0,0,0.0,0.0,28
2026-05-22T21:59:53.986,53114,816,0.658,0.979,1.438,50.0,5000,110.0,0,0.0,0.0,0,0.0,0.0,28
2026-05-22T21:59:54.089,53218,689,0.555,0.827,0.981,50.0,5000,110.0,0,0.0,0.0,0,0.0,0.0,28
2026-05-22T21:59:54.198,53322,648,0.522,0.778,0.833,50.0,5000,110.0,0,0.0,0.0,0,0.0,0.0,28
2026-05-22T21:59:54.303,53426,739,0.596,0.887,1.161,50.0,5000,110.0,0,0.0,0.0,0,0.0,0.0,28
2026-05-22T21:59:54.409,53530,863,0.695,1.036,1.608,50.0,5000,110.0,0,0.0,0.0,0,0.0,0.0,28
2026-05-22T21:59:54.514,53634,873,0.704,1.048,1.644,50.0,5000,110.0,0,0.0,0.0,0,0.0,0.0,28
2026-05-22T21:59:54.616,53738,760,0.612,0.912,1.237,50.0,5000,110.0,0,0.0,0.0,0,0.0,0.0,28
2026-05-22T21:59:54.871,54016,842,0.679,1.011,1.532,50.0,5000,110.0,0,0.0,0.0,0,0.0,0.0,29
2026-05-22T21:59:54.972,54120,742,0.598,0.891,1.172,50.0,5000,110.0,0,0.0,0.0,0,0.0,0.0,29
2026-05-22T21:59:55.079,54224,653,0.526,0.784,0.851,50.0,5000,110.0,0,0.0,0.0,0,0.0,0.0,29
2026-05-22T21:59:55.197,54328,682,0.55,0.819,0.956,50.0,5000,110.0,0,0.0,0.0,0,0.0,0.0,29
