pc_timestamp,stm32_ms,adc_raw,adc_voltage_v,sensor_voltage_v,pressure_bar,duty_percent,frequency_hz,estimated_output_rms_v,jsy_online,jsy_voltage_rms_v,jsy_current_rms_a,jsy_voltage_raw_v,jsy_current_raw_a,jsy_active_power_w,jsy_power_factor,jsy_energy_kwh,jsy_error_count,nn_mode,nn_duty_percent,valve_open_count,valve_state_label,valve_phase,setpoint_bar,episode_id,is_decision,t_rel,error
2026-07-02T01:39:46.251,2722257,498,0.4012666666666666,0.5885999999999999,0.2657333333333333,88.25,5000,194.14,1,190.93,0.665,192.9,0.741,142,0.993,0.07,2113,1,88.25,4,4 keran stabil,stable,0.3,1,0,0.0,0.03426666666666667
2026-07-02T01:39:46.785,2722792,461,0.3994666666666667,0.5879333333333333,0.2630666666666666,89.25,5000,196.35,1,190.93,0.665,192.9,0.741,142,0.993,0.07,2113,1,89.25,4,4 keran stabil,stable,0.3,1,0,0.534,0.036933333333333374
2026-07-02T01:39:47.346,2723369,499,0.3992666666666667,0.5882666666666666,0.2646,89.25,5000,196.35,1,190.96,0.665,192.93,0.741,142,0.993,0.07,2113,1,89.25,4,4 keran stabil,stable,0.3,1,0,1.095,0.03539999999999999
2026-07-02T01:39:47.909,2723945,504,0.4000666666666667,0.5888666666666666,0.2664,89.25,5000,196.35,1,193.34,0.667,195.19,0.743,144,0.992,0.07,2113,1,89.25,4,4 keran stabil,stable,0.3,1,0,1.658,0.03359999999999996
2026-07-02T01:39:48.472,2724481,501,0.4029999999999999,0.5901333333333334,0.2706666666666667,89.25,5000,196.35,1,193.34,0.667,195.19,0.743,144,0.992,0.07,2113,1,89.25,4,4 keran stabil,stable,0.3,1,0,2.221,0.029333333333333267
2026-07-02T01:39:49.049,2725057,505,0.4038,0.5903333333333334,0.271,89.25,5000,196.35,1,193.37,0.667,195.22,0.743,144,0.992,0.07,2113,1,89.25,4,4 keran stabil,stable,0.3,1,0,2.798,0.02899999999999997
2026-07-02T01:39:49.546,2725592,497,0.4029333333333333,0.5902,0.2706666666666667,89.25,5000,196.35,1,193.37,0.667,195.22,0.743,144,0.992,0.07,2113,1,89.25,4,4 keran stabil,stable,0.3,1,0,3.295,0.029333333333333267
2026-07-02T01:39:50.139,2726169,493,0.4024666666666666,0.59,0.2701333333333334,90.2,5000,198.44,1,193.34,0.666,195.19,0.742,144,0.994,0.07,2113,1,90.2,4,4 keran stabil,stable,0.3,1,0,3.888,0.029866666666666597
2026-07-02T01:39:50.688,2726704,503,0.4024666666666667,0.5909333333333333,0.2726666666666666,90.2,5000,198.44,1,193.34,0.666,195.19,0.742,144,0.994,0.07,2113,1,90.2,4,4 keran stabil,stable,0.3,1,0,4.437,0.027333333333333376
2026-07-02T01:39:51.248,2727281,508,0.4031333333333334,0.5913333333333333,0.2740666666666667,90.2,5000,198.44,1,195.5,0.667,197.24,0.743,146,0.996,0.07,2113,1,90.2,4,4 keran stabil,stable,0.3,1,0,4.997,0.025933333333333308
2026-07-02T01:39:51.808,2727816,494,0.4027333333333333,0.5913333333333333,0.2744,90.2,5000,198.44,1,195.5,0.667,197.24,0.743,146,0.996,0.07,2113,1,90.2,4,4 keran stabil,stable,0.3,1,0,5.557,0.02560000000000001
2026-07-02T01:39:52.368,2728393,500,0.4021333333333333,0.5905333333333332,0.2722,90.2,5000,198.44,1,195.54,0.668,197.28,0.744,146,0.994,0.07,2113,1,90.2,4,4 keran stabil,stable,0.3,1,0,6.117,0.02779999999999999
2026-07-02T01:39:52.962,2728969,498,0.4016,0.5903333333333334,0.2717333333333334,90.97,5000,200.12,1,195.5,0.669,197.24,0.745,146,0.993,0.07,2113,1,90.97,4,4 keran stabil,stable,0.3,1,0,6.711,0.028266666666666607
2026-07-02T01:39:53.582,2729611,500,0.4032666666666667,0.5909333333333333,0.2733333333333334,90.97,5000,200.12,1,195.5,0.669,197.24,0.745,146,0.993,0.07,2113,1,90.97,4,4 keran stabil,stable,0.3,1,0,7.331,0.026666666666666616
2026-07-02T01:39:54.145,2730188,504,0.4035333333333333,0.5925333333333334,0.2779999999999999,90.97,5000,200.12,1,197.29,0.671,198.94,0.747,148,0.995,0.07,2113,1,90.97,4,4 keran stabil,stable,0.3,1,0,7.894,0.022000000000000075
2026-07-02T01:39:54.707,2730723,496,0.4045333333333333,0.5930666666666666,0.2796,90.97,5000,200.12,1,197.29,0.671,198.94,0.747,148,0.995,0.07,2113,1,90.97,4,4 keran stabil,stable,0.3,1,0,8.456,0.020399999999999974
2026-07-02T01:39:55.267,2731300,498,0.4051333333333333,0.5931333333333334,0.2793333333333334,90.97,5000,200.12,1,197.33,0.671,198.97,0.747,148,0.995,0.07,2113,1,90.97,4,4 keran stabil,stable,0.3,1,0,9.016,0.02066666666666661
2026-07-02T01:39:55.767,2731835,501,0.4052,0.5919333333333333,0.276,91.54,5000,201.38,1,197.33,0.671,198.97,0.747,148,0.995,0.07,2113,1,91.54,4,4 keran stabil,stable,0.3,1,0,9.516,0.023999999999999966
2026-07-02T01:39:56.265,2732305,489,0.4037333333333333,0.5913999999999999,0.2742,91.54,5000,201.38,1,197.25,0.669,198.9,0.745,148,0.998,0.07,2113,1,91.54,4,4 keran stabil,stable,0.3,1,0,10.014,0.02579999999999999
2026-07-02T01:39:56.764,2732840,506,0.4025333333333333,0.5908666666666667,0.2726666666666666,91.54,5000,201.38,1,197.25,0.669,198.9,0.745,148,0.998,0.07,2113,1,91.54,4,4 keran stabil,stable,0.3,1,0,10.513,0.027333333333333376
2026-07-02T01:39:57.263,2733309,500,0.4035333333333333,0.5903333333333334,0.2707333333333333,91.54,5000,201.38,1,198.61,0.669,200.19,0.745,149,0.999,0.07,2113,1,91.54,4,4 keran stabil,stable,0.3,1,0,11.012,0.029266666666666663
2026-07-02T01:39:57.762,2733844,500,0.4034666666666667,0.5899333333333333,0.2696,91.54,5000,201.38,1,198.61,0.669,200.19,0.745,149,0.999,0.07,2113,1,91.54,4,4 keran stabil,stable,0.3,1,0,11.511,0.030399999999999983
2026-07-02T01:39:58.260,2734314,494,0.4042666666666666,0.5898,0.2692,91.54,5000,201.38,1,198.64,0.667,200.22,0.743,148,0.994,0.07,2113,1,91.54,4,4 keran stabil,stable,0.3,1,0,12.009,0.030799999999999994
2026-07-02T01:39:58.775,2734849,495,0.4016,0.5893333333333334,0.2676,92.0,5000,202.4,1,198.64,0.667,200.22,0.743,148,0.994,0.07,2113,1,92.0,4,4 keran stabil,stable,0.3,1,0,12.524,0.032399999999999984
2026-07-02T01:39:59.367,2735426,504,0.4011333333333333,0.589,0.2665333333333333,92.0,5000,202.4,1,198.6,0.669,200.18,0.745,149,0.999,0.07,2113,1,92.0,4,4 keran stabil,stable,0.3,1,0,13.116,0.0334666666666667
2026-07-02T01:39:59.928,2736007,500,0.4001333333333334,0.5884666666666667,0.2650666666666667,92.0,5000,202.4,1,199.66,0.67,201.19,0.746,150,0.999,0.07,2113,1,92.0,4,4 keran stabil,stable,0.3,1,0,13.677,0.034933333333333316
2026-07-02T01:40:00.489,2736542,496,0.4015333333333333,0.5892,0.2678666666666667,92.0,5000,202.4,1,199.66,0.67,201.19,0.746,150,0.999,0.07,2113,1,92.0,4,4 keran stabil,stable,0.3,1,0,14.238,0.03213333333333329
2026-07-02T01:40:01.026,2737124,509,0.402,0.5902666666666666,0.2712666666666666,92.0,5000,202.4,1,199.6,0.673,201.13,0.749,150,0.995,0.07,2113,1,92.0,4,4 keran stabil,stable,0.3,1,0,14.775,0.02873333333333339
2026-07-02T01:40:01.603,2737659,497,0.4026666666666667,0.5907333333333332,0.2725333333333333,92.0,5000,202.4,1,199.6,0.673,201.13,0.749,150,0.995,0.07,2113,1,92.0,4,4 keran stabil,stable,0.3,1,0,15.352,0.027466666666666695
2026-07-02T01:40:02.190,2738236,500,0.4037333333333333,0.5907333333333332,0.2723333333333333,92.43,5000,203.34,1,199.62,0.672,201.15,0.748,150,0.996,0.07,2113,1,92.43,4,4 keran stabil,stable,0.3,1,0,15.939,0.027666666666666673
2026-07-02T01:40:02.690,2738771,505,0.4029333333333333,0.5896666666666666,0.2691333333333333,92.43,5000,203.34,1,199.62,0.672,201.15,0.748,150,0.996,0.07,2113,1,92.43,4,4 keran stabil,stable,0.3,1,0,16.439,0.03086666666666671
2026-07-02T01:40:03.188,2739241,495,0.3987333333333333,0.5889333333333333,0.2669333333333333,92.43,5000,203.34,1,200.61,0.672,202.09,0.748,151,0.998,0.07,2113,1,92.43,4,4 keran stabil,stable,0.3,1,0,16.937,0.03306666666666669
2026-07-02T01:40:03.688,2739776,500,0.3988,0.5876666666666667,0.2634666666666667,92.43,5000,203.34,1,200.61,0.672,202.09,0.748,151,0.998,0.07,2113,1,92.43,4,4 keran stabil,stable,0.3,1,0,17.437,0.03653333333333331
2026-07-02T01:40:04.187,2740246,506,0.3977333333333333,0.5871999999999999,0.2615333333333333,92.43,5000,203.34,1,200.61,0.671,202.09,0.747,151,1.0,0.07,2113,1,92.43,4,4 keran stabil,stable,0.3,1,0,17.936,0.038466666666666705
2026-07-02T01:40:04.689,2740781,502,0.4022,0.5883333333333333,0.2652666666666666,92.73,5000,204.01,1,200.61,0.671,202.09,0.747,151,1.0,0.07,2113,1,92.73,4,4 keran stabil,stable,0.3,1,0,18.438,0.034733333333333394
2026-07-02T01:40:05.187,2741250,500,0.4006666666666666,0.5889333333333333,0.2669333333333333,92.73,5000,204.01,1,200.61,0.671,202.09,0.747,150,0.993,0.07,2113,1,92.73,4,4 keran stabil,stable,0.3,1,0,18.936,0.03306666666666669
2026-07-02T01:40:05.688,2741785,500,0.4029999999999999,0.5893999999999999,0.2686666666666666,92.73,5000,204.01,1,200.61,0.671,202.09,0.747,150,0.993,0.07,2113,1,92.73,4,4 keran stabil,stable,0.3,1,0,19.437,0.03133333333333338
2026-07-02T01:40:06.186,2742255,497,0.4008,0.5892666666666666,0.2683999999999999,92.73,5000,204.01,1,201.39,0.67,202.83,0.746,151,0.997,0.07,2113,1,92.73,4,4 keran stabil,stable,0.3,1,0,19.935,0.03160000000000007
2026-07-02T01:40:06.685,2742790,493,0.4012666666666666,0.5890666666666667,0.2674,92.73,5000,204.01,1,201.39,0.67,202.83,0.746,151,0.997,0.07,2113,1,92.73,4,4 keran stabil,stable,0.3,1,0,20.434,0.03259999999999996
2026-07-02T01:40:07.185,2743260,468,0.4008666666666666,0.5891333333333333,0.2677333333333333,92.73,5000,204.01,1,201.39,0.671,202.83,0.747,151,0.996,0.07,2113,1,92.73,4,4 keran stabil,stable,0.3,1,0,20.934,0.032266666666666666
2026-07-02T01:40:07.683,2743795,509,0.4022,0.5894666666666666,0.2685333333333333,93.08,5000,204.77,1,201.39,0.671,202.83,0.747,151,0.996,0.07,2113,1,93.08,4,4 keran stabil,stable,0.3,1,0,21.432,0.0314666666666667
2026-07-02T01:40:08.183,2744264,497,0.4014,0.5896,0.2691333333333333,93.08,5000,204.77,1,201.39,0.671,202.83,0.747,151,0.996,0.07,2113,1,93.08,4,4 keran stabil,stable,0.3,1,0,21.932,0.03086666666666671
2026-07-02T01:40:08.682,2744799,500,0.4002,0.5892,0.2676666666666667,93.08,5000,204.77,1,201.39,0.671,202.83,0.747,151,0.996,0.07,2113,1,93.08,4,4 keran stabil,stable,0.3,1,0,22.431,0.03233333333333327
2026-07-02T01:40:09.304,2745376,502,0.4029333333333333,0.5899333333333333,0.2695333333333333,93.08,5000,204.77,1,202.18,0.673,203.58,0.749,152,0.996,0.07,2113,1,93.08,4,4 keran stabil,stable,0.3,1,0,23.053,0.030466666666666697
2026-07-02T01:40:09.806,2745911,500,0.4025333333333333,0.5895333333333334,0.2681333333333333,93.08,5000,204.77,1,202.18,0.673,203.58,0.749,152,0.996,0.07,2113,1,93.08,4,4 keran stabil,stable,0.3,1,0,23.555,0.03186666666666671
2026-07-02T01:40:10.365,2746488,502,0.4028,0.5896666666666666,0.2688666666666667,93.08,5000,204.77,1,202.18,0.673,203.58,0.749,152,0.996,0.07,2113,1,93.08,4,4 keran stabil,stable,0.3,1,0,24.114,0.03113333333333329
2026-07-02T01:40:10.989,2747064,508,0.4033333333333334,0.5897333333333333,0.2694,93.41,5000,205.5,1,202.19,0.673,203.59,0.749,152,0.996,0.07,2113,1,93.41,4,4 keran stabil,stable,0.3,1,0,24.738,0.030600000000000016
2026-07-02T01:40:11.490,2747599,498,0.4036,0.5898,0.2697333333333333,93.41,5000,205.5,1,202.19,0.673,203.59,0.749,152,0.996,0.07,2113,1,93.41,4,4 keran stabil,stable,0.3,1,0,25.239,0.030266666666666664
2026-07-02T01:40:11.987,2748069,494,0.4036,0.5902,0.2708666666666667,93.41,5000,205.5,1,202.94,0.675,204.3,0.751,153,0.997,0.07,2113,1,93.41,4,4 keran stabil,stable,0.3,1,0,25.736,0.02913333333333329
2026-07-02T01:40:12.488,2748604,495,0.4029999999999999,0.5896,0.2693333333333333,93.41,5000,205.5,1,202.94,0.675,204.3,0.751,153,0.997,0.07,2113,1,93.41,4,4 keran stabil,stable,0.3,1,0,26.237,0.030666666666666675
2026-07-02T01:40:12.989,2749074,504,0.4035333333333333,0.5889333333333333,0.2674666666666667,93.41,5000,205.5,1,202.87,0.675,204.23,0.751,153,0.997,0.07,2113,1,93.41,4,4 keran stabil,stable,0.3,1,0,26.738,0.0325333333333333
2026-07-02T01:40:13.489,2749609,495,0.4030666666666667,0.588,0.2642666666666667,93.41,5000,205.5,1,202.87,0.675,204.23,0.751,153,0.997,0.07,2113,1,93.41,4,4 keran stabil,stable,0.3,1,0,27.238,0.035733333333333284
2026-07-02T01:40:13.985,2750078,509,0.4037333333333333,0.5876,0.2636666666666666,93.71,5000,206.17,1,202.89,0.675,204.25,0.751,153,0.997,0.07,2113,1,93.71,4,4 keran stabil,stable,0.3,1,0,27.734,0.036333333333333384
2026-07-02T01:40:14.486,2750614,494,0.4028666666666666,0.5889333333333333,0.2677333333333333,93.71,5000,206.17,1,202.89,0.675,204.25,0.751,153,0.997,0.07,2113,1,93.71,4,4 keran stabil,stable,0.3,1,0,28.235,0.032266666666666666
2026-07-02T01:40:14.987,2751083,496,0.4021333333333333,0.5892,0.2683999999999999,93.71,5000,206.17,1,203.58,0.676,204.91,0.752,154,0.999,0.07,2113,1,93.71,4,4 keran stabil,stable,0.3,1,0,28.736,0.03160000000000007
2026-07-02T01:40:15.487,2751618,496,0.4023333333333333,0.5896,0.2699333333333333,93.71,5000,206.17,1,203.58,0.676,204.91,0.752,154,0.999,0.07,2113,1,93.71,4,4 keran stabil,stable,0.3,1,0,29.236,0.030066666666666686
2026-07-02T01:40:15.988,2752088,494,0.4016,0.5899333333333333,0.2701333333333334,93.71,5000,206.17,1,203.58,0.675,204.91,0.751,154,1.0,0.07,2113,1,93.71,4,4 keran stabil,stable,0.3,1,0,29.737,0.029866666666666597
2026-07-02T01:40:16.488,2752623,472,0.4004,0.59,0.2703333333333333,93.71,5000,206.17,1,203.58,0.675,204.91,0.751,154,1.0,0.07,2113,1,93.71,4,4 keran stabil,stable,0.3,1,0,30.237,0.029666666666666675
2026-07-02T01:40:16.985,2753092,497,0.4003333333333334,0.5903333333333334,0.2709333333333333,93.97,5000,206.74,1,203.61,0.675,204.94,0.751,154,1.0,0.07,2113,1,93.97,4,4 keran stabil,stable,0.3,1,0,30.734,0.029066666666666685
2026-07-02T01:40:17.486,2753628,501,0.3984666666666667,0.5901333333333334,0.2701333333333334,93.97,5000,206.74,1,203.61,0.675,204.94,0.751,154,1.0,0.07,2113,1,93.97,4,4 keran stabil,stable,0.3,1,0,31.235,0.029866666666666597
2026-07-02T01:40:18.078,2754204,498,0.3990666666666667,0.5898,0.2692666666666667,93.97,5000,206.74,1,204.24,0.676,205.53,0.752,154,0.996,0.07,2113,1,93.97,4,4 keran stabil,stable,0.3,1,0,31.827,0.03073333333333328
2026-07-02T01:40:18.580,2754739,496,0.4008,0.5887999999999999,0.2664666666666667,93.97,5000,206.74,1,204.24,0.676,205.53,0.752,154,0.996,0.07,2113,1,93.97,4,4 keran stabil,stable,0.3,1,0,32.329,0.033533333333333304
2026-07-02T01:40:19.081,2755209,501,0.4033333333333333,0.589,0.2670666666666667,93.97,5000,206.74,1,204.15,0.675,205.45,0.751,154,0.998,0.07,2113,1,93.97,4,4 keran stabil,stable,0.3,1,0,32.83,0.032933333333333314
2026-07-02T01:40:19.622,2755744,497,0.4038666666666666,0.5874666666666666,0.2626666666666667,93.97,5000,206.74,1,204.15,0.675,205.45,0.751,154,0.998,0.07,2113,1,93.97,4,4 keran stabil,stable,0.3,1,0,33.371,0.037333333333333274
2026-07-02T01:40:20.189,2756321,495,0.4036,0.5874,0.2624666666666667,94.26,5000,207.38,1,204.18,0.675,205.48,0.751,154,0.997,0.07,2113,1,94.26,4,4 keran stabil,stable,0.3,1,0,33.938,0.03753333333333331
2026-07-02T01:40:20.749,2756856,497,0.4016,0.5869333333333333,0.2608666666666667,94.26,5000,207.38,1,204.18,0.675,205.48,0.751,154,0.997,0.07,2113,1,94.26,4,4 keran stabil,stable,0.3,1,0,34.498,0.0391333333333333
2026-07-02T01:40:21.327,2757433,500,0.4020666666666667,0.5887999999999999,0.266,94.26,5000,207.38,1,204.8,0.676,206.07,0.752,155,1.0,0.07,2113,1,94.26,4,4 keran stabil,stable,0.3,1,0,35.076,0.033999999999999975
2026-07-02T01:40:21.827,2757968,497,0.4022,0.5898,0.2691333333333333,94.26,5000,207.38,1,204.8,0.676,206.07,0.752,155,1.0,0.07,2113,1,94.26,4,4 keran stabil,stable,0.3,1,0,35.576,0.03086666666666671
2026-07-02T01:40:22.325,2758438,497,0.404,0.5899333333333333,0.2695333333333333,94.26,5000,207.38,1,204.88,0.676,206.14,0.752,155,0.999,0.07,2113,1,94.26,4,4 keran stabil,stable,0.3,1,0,36.074,0.030466666666666697
2026-07-02T01:40:22.823,2758973,496,0.4038,0.5901333333333334,0.2700666666666667,94.54,5000,207.99,1,204.88,0.676,206.14,0.752,155,0.999,0.07,2113,1,94.54,4,4 keran stabil,stable,0.3,1,0,36.572,0.029933333333333312
2026-07-02T01:40:23.323,2759442,492,0.4042666666666666,0.5906,0.2713333333333333,94.54,5000,207.99,1,204.89,0.677,206.15,0.753,155,0.998,0.07,2113,1,94.54,4,4 keran stabil,stable,0.3,1,0,37.072,0.028666666666666674
2026-07-02T01:40:23.824,2759977,497,0.404,0.5911333333333333,0.2732,94.54,5000,207.99,1,204.89,0.677,206.15,0.753,155,0.998,0.07,2113,1,94.54,4,4 keran stabil,stable,0.3,1,0,37.573,0.02679999999999999
2026-07-02T01:40:24.401,2760554,500,0.4016,0.5912000000000001,0.2740666666666667,94.54,5000,207.99,1,205.58,0.678,206.81,0.754,156,1.0,0.07,2113,1,94.54,4,4 keran stabil,stable,0.3,1,0,38.15,0.025933333333333308
2026-07-02T01:40:24.982,2761131,496,0.4010666666666667,0.5903333333333334,0.2718,94.54,5000,207.99,1,205.57,0.678,206.8,0.754,156,1.0,0.07,2113,1,94.54,4,4 keran stabil,stable,0.3,1,0,38.731,0.028200000000000003
2026-07-02T01:40:25.525,2761666,502,0.4,0.5902666666666666,0.2711333333333333,94.54,5000,207.99,1,205.57,0.678,206.8,0.754,156,1.0,0.07,2113,1,94.54,4,4 keran stabil,stable,0.3,1,0,39.274,0.028866666666666707
2026-07-02T01:40:26.100,2762243,491,0.401,0.5911333333333333,0.2736,94.66,5000,208.26,1,205.53,0.678,206.76,0.754,156,1.0,0.07,2113,1,94.66,4,4 keran stabil,stable,0.3,1,0,39.849,0.02639999999999998
2026-07-02T01:40:26.599,2762778,500,0.4020666666666667,0.5923999999999999,0.2778666666666666,94.66,5000,208.26,1,205.53,0.678,206.76,0.754,156,1.0,0.07,2113,1,94.66,4,4 keran stabil,stable,0.3,1,0,40.348,0.022133333333333394
2026-07-02T01:40:27.098,2763247,496,0.4025333333333333,0.5923333333333333,0.2779333333333333,94.66,5000,208.26,1,205.86,0.681,207.07,0.757,156,0.995,0.07,2113,1,94.66,4,4 keran stabil,stable,0.3,1,0,40.847,0.02206666666666668
2026-07-02T01:40:27.597,2763782,501,0.4033333333333334,0.5913333333333333,0.2746666666666666,94.66,5000,208.26,1,205.86,0.681,207.07,0.757,156,0.995,0.07,2113,1,94.66,4,4 keran stabil,stable,0.3,1,0,41.346,0.025333333333333374
2026-07-02T01:40:28.187,2764359,497,0.4032666666666667,0.5903333333333334,0.2708,94.66,5000,208.26,1,205.8,0.68,207.02,0.756,156,0.996,0.07,2113,1,94.66,4,4 keran stabil,stable,0.3,1,0,41.936,0.029200000000000004
2026-07-02T01:40:28.735,2764894,503,0.4033333333333334,0.59,0.2692,94.95,5000,208.88,1,205.8,0.68,207.02,0.756,156,0.996,0.07,2113,1,94.95,4,4 keran stabil,stable,0.3,1,0,42.484,0.030799999999999994
2026-07-02T01:40:29.300,2765471,532,0.4054,0.5908666666666667,0.2721333333333333,94.95,5000,208.88,1,205.76,0.678,206.98,0.754,156,0.999,0.07,2113,1,94.95,4,4 keran stabil,stable,0.3,1,0,43.049,0.027866666666666706
2026-07-02T01:40:29.862,2766006,502,0.4061333333333333,0.5916666666666667,0.2746,94.95,5000,208.88,1,205.76,0.678,206.98,0.754,156,0.999,0.07,2113,1,94.95,4,4 keran stabil,stable,0.3,1,0,43.611,0.025399999999999978
2026-07-02T01:40:30.413,2766583,501,0.4069333333333333,0.5910666666666666,0.2730666666666667,94.95,5000,208.88,1,206.42,0.679,207.6,0.755,156,0.995,0.07,2113,1,94.95,4,4 keran stabil,stable,0.3,1,0,44.162,0.02693333333333331
2026-07-02T01:40:30.985,2767159,504,0.4050666666666667,0.5906666666666667,0.2716,94.95,5000,208.88,1,206.37,0.678,207.56,0.754,156,0.996,0.07,2113,1,94.95,4,4 keran stabil,stable,0.3,1,0,44.734,0.02839999999999998
2026-07-02T01:40:31.504,2767694,498,0.4048666666666667,0.5903333333333334,0.2706,94.95,5000,208.88,1,206.37,0.678,207.56,0.754,156,0.996,0.07,2113,1,94.95,4,4 keran stabil,stable,0.3,1,0,45.253,0.02939999999999998
2026-07-02T01:40:32.107,2768276,509,0.4044666666666667,0.5911333333333333,0.2731333333333333,95.0,5000,209.0,1,206.39,0.68,207.58,0.756,156,0.994,0.07,2113,1,95.0,4,4 keran stabil,stable,0.3,1,0,45.856,0.026866666666666705
2026-07-02T01:40:32.607,2768811,508,0.4031333333333334,0.5910666666666666,0.2731333333333333,95.0,5000,209.0,1,206.39,0.68,207.58,0.756,156,0.994,0.07,2113,1,95.0,4,4 keran stabil,stable,0.3,1,0,46.356,0.026866666666666705
2026-07-02T01:40:33.109,2769286,502,0.4026,0.5912000000000001,0.2738,95.0,5000,209.0,1,206.52,0.68,207.7,0.756,157,0.999,0.07,2113,1,95.0,4,4 keran stabil,stable,0.3,1,0,46.858,0.0262
2026-07-02T01:40:33.614,2769821,494,0.4036666666666667,0.5915999999999999,0.2748666666666667,95.0,5000,209.0,1,206.52,0.68,207.7,0.756,157,0.999,0.07,2113,1,95.0,4,4 keran stabil,stable,0.3,1,0,47.363,0.025133333333333285
2026-07-02T01:40:34.106,2770290,513,0.4043333333333334,0.5917333333333333,0.2749333333333333,95.0,5000,209.0,1,206.52,0.679,207.7,0.755,156,0.994,0.07,2113,1,95.0,4,4 keran stabil,stable,0.3,1,0,47.855,0.02506666666666668
2026-07-02T01:40:34.650,2770825,498,0.4043333333333334,0.5922666666666667,0.2767333333333333,95.0,5000,209.0,1,206.52,0.679,207.7,0.755,156,0.994,0.07,2113,1,95.0,4,4 keran stabil,stable,0.3,1,0,48.399,0.023266666666666713
2026-07-02T01:40:35.214,2771402,503,0.4048,0.5923333333333333,0.2767333333333333,95.0,5000,209.0,1,206.53,0.679,207.71,0.755,156,0.994,0.07,2113,1,95.0,4,4 keran stabil,stable,0.3,1,0,48.963,0.023266666666666713
2026-07-02T01:40:35.730,2771937,504,0.405,0.5929333333333333,0.2785333333333333,95.0,5000,209.0,1,206.53,0.679,207.71,0.755,156,0.994,0.07,2113,1,95.0,4,4 keran stabil,stable,0.3,1,0,49.479,0.02146666666666669
2026-07-02T01:40:36.228,2772407,495,0.4045333333333333,0.5923999999999999,0.2768666666666667,95.0,5000,209.0,1,206.59,0.679,207.77,0.755,156,0.994,0.07,2113,1,95.0,4,4 keran stabil,stable,0.3,1,0,49.977,0.023133333333333284
2026-07-02T01:40:36.777,2772942,505,0.4034,0.5914666666666667,0.2738666666666667,95.0,5000,209.0,1,206.59,0.679,207.77,0.755,156,0.994,0.07,2113,1,95.0,4,4 keran stabil,stable,0.3,1,0,50.526,0.026133333333333286
2026-07-02T01:40:37.337,2773518,495,0.4031333333333334,0.5900666666666666,0.2702,95.0,5000,209.0,1,206.54,0.679,207.72,0.755,156,0.994,0.07,2113,1,95.0,4,4 keran stabil,stable,0.3,1,0,51.086,0.029799999999999993
2026-07-02T01:40:37.840,2774053,502,0.4031333333333334,0.5900666666666666,0.2702,95.0,5000,209.0,1,206.54,0.679,207.72,0.755,156,0.994,0.07,2113,1,95.0,4,4 keran stabil,stable,0.3,1,0,51.589,0.029799999999999993
2026-07-02T01:40:38.343,2774523,503,0.4033333333333333,0.5901333333333334,0.2705333333333333,95.0,5000,209.0,1,206.55,0.679,207.73,0.755,156,0.994,0.07,2113,1,95.0,4,4 keran stabil,stable,0.3,1,0,52.092,0.029466666666666697
2026-07-02T01:40:38.842,2775058,494,0.4033333333333333,0.5911333333333333,0.2735333333333333,95.0,5000,209.0,1,206.55,0.679,207.73,0.755,156,0.994,0.07,2113,1,95.0,4,4 keran stabil,stable,0.3,1,0,52.591,0.026466666666666694
2026-07-02T01:40:39.345,2775528,510,0.4038,0.5917333333333333,0.2754,95.0,5000,209.0,1,206.57,0.679,207.75,0.755,156,0.994,0.07,2113,1,95.0,4,4 keran stabil,stable,0.3,1,0,53.094,0.02460000000000001
2026-07-02T01:40:39.847,2776063,498,0.4036666666666667,0.5921333333333333,0.2766666666666666,95.0,5000,209.0,1,206.57,0.679,207.75,0.755,156,0.994,0.07,2113,1,95.0,4,4 keran stabil,stable,0.3,1,0,53.596,0.023333333333333373
2026-07-02T01:40:40.350,2776532,506,0.4035333333333333,0.5920666666666666,0.2767333333333333,95.0,5000,209.0,1,206.54,0.679,207.72,0.755,156,0.994,0.07,2113,1,95.0,4,4 keran stabil,stable,0.3,1,0,54.099,0.023266666666666713
2026-07-02T01:40:40.849,2777067,497,0.404,0.5908,0.2728,95.0,5000,209.0,1,206.54,0.679,207.72,0.755,156,0.994,0.07,2113,1,95.0,4,4 keran stabil,stable,0.3,1,0,54.598,0.027200000000000002
2026-07-02T01:40:41.348,2777537,506,0.4031333333333334,0.5898,0.2698666666666666,95.0,5000,209.0,1,206.54,0.679,207.72,0.755,156,0.994,0.07,2113,1,95.0,4,4 keran stabil,stable,0.3,1,0,55.097,0.0301333333333334
2026-07-02T01:40:41.848,2778072,496,0.4028666666666666,0.5898,0.2691333333333333,95.0,5000,209.0,1,206.54,0.679,207.72,0.755,156,0.994,0.07,2113,1,95.0,4,4 keran stabil,stable,0.3,1,0,55.597,0.03086666666666671
2026-07-02T01:40:42.347,2778542,547,0.4094666666666667,0.5974666666666667,0.2922,95.0,5000,209.0,1,206.59,0.68,207.77,0.756,157,0.999,0.07,2113,1,95.0,4,4 keran stabil,stable,0.3,1,0,56.096,0.007799999999999974
2026-07-02T01:40:42.844,2779077,544,0.4215333333333333,0.6152,0.3456,95.0,5000,209.0,1,206.59,0.68,207.77,0.756,157,0.999,0.07,2113,1,95.0,4,4 keran stabil,stable,0.3,1,0,56.593,-0.04560000000000003
2026-07-02T01:40:43.347,2779546,546,0.4307333333333333,0.6292666666666666,0.3875333333333333,95.0,5000,209.0,1,206.49,0.718,207.67,0.794,164,0.994,0.07,2113,1,95.0,4,4 keran stabil,stable,0.3,1,0,57.096,-0.0875333333333333
2026-07-02T01:40:43.865,2780081,527,0.4374,0.6427999999999999,0.4285333333333333,92.29,5000,203.03,1,206.49,0.718,207.67,0.794,164,0.994,0.07,2113,1,92.29,4,4 keran stabil,stable,0.3,1,0,57.614,-0.12853333333333333
2026-07-02T01:40:44.420,2780658,538,0.4361333333333333,0.641,0.4225333333333333,92.29,5000,203.03,1,206.47,0.721,207.65,0.797,165,0.996,0.07,2113,1,92.29,4,4 keran stabil,stable,0.3,1,0,58.169,-0.12253333333333333
2026-07-02T01:40:45.015,2781234,540,0.4347333333333333,0.6387333333333333,0.4158666666666666,92.29,5000,203.03,1,200.02,0.715,201.53,0.791,159,0.997,0.07,2113,1,92.29,4,4 keran stabil,stable,0.3,1,0,58.764,-0.11586666666666662
2026-07-02T01:40:45.537,2781770,544,0.4347333333333333,0.6358,0.4065333333333333,92.29,5000,203.03,1,200.02,0.715,201.53,0.791,159,0.997,0.07,2113,1,92.29,4,4 keran stabil,stable,0.3,1,0,59.286,-0.10653333333333331
2026-07-02T01:40:46.031,2782239,548,0.4348,0.6356,0.4059333333333333,92.29,5000,203.03,1,199.98,0.716,201.49,0.792,159,0.996,0.07,2113,1,92.29,4,4 keran stabil,stable,0.3,1,0,59.78,-0.10593333333333332
2026-07-02T01:40:46.558,2782774,541,0.4351333333333333,0.6358,0.4064,92.29,5000,203.03,1,199.98,0.716,201.49,0.792,159,0.996,0.07,2113,1,92.29,3,3 keran stabil,stable,0.3,1,0,60.307,-0.1064
2026-07-02T01:40:47.126,2783351,539,0.4345333333333333,0.6350666666666667,0.4046666666666667,89.84,5000,197.65,1,199.17,0.714,200.72,0.79,158,0.996,0.07,2113,1,89.84,3,3 keran stabil,stable,0.3,1,0,60.875,-0.10466666666666669
2026-07-02T01:40:47.687,2783886,525,0.4322666666666667,0.6326,0.3976666666666666,89.84,5000,197.65,1,199.17,0.714,200.72,0.79,158,0.996,0.07,2113,1,89.84,3,3 keran stabil,stable,0.3,1,0,61.436,-0.09766666666666662
2026-07-02T01:40:48.248,2784463,534,0.4311999999999999,0.6313333333333334,0.3942,89.84,5000,197.65,1,194.43,0.714,196.22,0.79,154,0.993,0.07,2113,1,89.84,3,3 keran stabil,stable,0.3,1,0,61.997,-0.0942
2026-07-02T01:40:48.746,2784998,544,0.4327333333333333,0.6310666666666667,0.3932666666666666,89.84,5000,197.65,1,194.43,0.714,196.22,0.79,154,0.993,0.07,2113,1,89.84,3,3 keran stabil,stable,0.3,1,0,62.495,-0.09326666666666661
2026-07-02T01:40:49.244,2785467,532,0.4330666666666666,0.6314,0.3947333333333333,89.84,5000,197.65,1,194.41,0.713,196.2,0.789,154,0.994,0.07,2113,1,89.84,3,3 keran stabil,stable,0.3,1,0,62.993,-0.09473333333333334
2026-07-02T01:40:49.795,2786002,535,0.431,0.6308666666666667,0.393,87.43,5000,192.34,1,194.41,0.713,196.2,0.789,154,0.994,0.07,2113,1,87.43,3,3 keran stabil,stable,0.3,1,0,63.544,-0.09300000000000003
2026-07-02T01:40:50.360,2786579,530,0.4275333333333334,0.6286,0.3863333333333333,87.43,5000,192.34,1,194.05,0.713,195.86,0.789,154,0.996,0.07,2113,1,87.43,3,3 keran stabil,stable,0.3,1,0,64.109,-0.08633333333333332
2026-07-02T01:40:50.862,2787114,523,0.4248,0.6268666666666667,0.3807333333333333,87.43,5000,192.34,1,194.05,0.713,195.86,0.789,154,0.996,0.07,2113,1,87.43,3,3 keran stabil,stable,0.3,1,0,64.611,-0.08073333333333332
2026-07-02T01:40:51.359,2787584,514,0.4252666666666666,0.6256,0.377,87.43,5000,192.34,1,188.83,0.714,190.91,0.79,150,0.994,0.07,2113,1,87.43,3,3 keran stabil,stable,0.3,1,0,65.108,-0.07700000000000001
2026-07-02T01:40:51.860,2788119,522,0.4244,0.6247333333333334,0.3740666666666666,87.43,5000,192.34,1,188.83,0.714,190.91,0.79,150,0.994,0.07,2113,1,87.43,3,3 keran stabil,stable,0.3,1,0,65.609,-0.07406666666666661
2026-07-02T01:40:52.358,2788589,540,0.4248,0.625,0.3748666666666667,87.43,5000,192.34,1,188.81,0.714,190.89,0.79,150,0.994,0.07,2113,1,87.43,3,3 keran stabil,stable,0.3,1,0,66.107,-0.07486666666666669
2026-07-02T01:40:52.858,2789124,520,0.4241333333333333,0.6244666666666667,0.3733333333333333,85.2,5000,187.43,1,188.81,0.714,190.89,0.79,150,0.994,0.07,2113,1,85.2,3,3 keran stabil,stable,0.3,1,0,66.607,-0.0733333333333333
2026-07-02T01:40:53.357,2789593,554,0.4252,0.6233333333333333,0.3699333333333333,85.2,5000,187.43,1,188.67,0.712,190.75,0.788,149,0.991,0.07,2113,1,85.2,3,3 keran stabil,stable,0.3,1,0,67.106,-0.06993333333333329
2026-07-02T01:40:53.860,2790128,525,0.4244,0.6207999999999999,0.3624666666666666,85.2,5000,187.43,1,188.67,0.712,190.75,0.788,149,0.991,0.07,2113,1,85.2,3,3 keran stabil,stable,0.3,1,0,67.609,-0.062466666666666615
2026-07-02T01:40:54.358,2790598,528,0.422,0.6185333333333334,0.3555333333333333,85.2,5000,187.43,1,183.74,0.712,186.07,0.788,146,0.995,0.07,2113,1,85.2,3,3 keran stabil,stable,0.3,1,0,68.107,-0.05553333333333332
2026-07-02T01:40:54.859,2791133,523,0.4226666666666666,0.618,0.3539333333333333,85.2,5000,187.43,1,183.74,0.712,186.07,0.788,146,0.995,0.07,2113,1,85.2,3,3 keran stabil,stable,0.3,1,0,68.608,-0.05393333333333333
2026-07-02T01:40:55.360,2791603,524,0.4196,0.6178666666666667,0.3536666666666666,85.2,5000,187.43,1,183.79,0.712,186.12,0.788,146,0.995,0.07,2113,1,85.2,3,3 keran stabil,stable,0.3,1,0,69.109,-0.053666666666666585
2026-07-02T01:40:55.861,2792138,522,0.4194666666666666,0.6169333333333333,0.3510666666666667,83.15,5000,182.93,1,183.79,0.712,186.12,0.788,146,0.995,0.07,2113,1,83.15,3,3 keran stabil,stable,0.3,1,0,69.61,-0.051066666666666705
2026-07-02T01:40:56.357,2792607,520,0.4164,0.6146666666666667,0.3441333333333333,83.15,5000,182.93,1,183.81,0.711,186.14,0.787,145,0.989,0.07,2113,1,83.15,3,3 keran stabil,stable,0.3,1,0,70.106,-0.0441333333333333
2026-07-02T01:40:56.858,2793142,525,0.4172666666666666,0.6119333333333333,0.3355333333333333,83.15,5000,182.93,1,183.81,0.711,186.14,0.787,145,0.989,0.07,2113,1,83.15,3,3 keran stabil,stable,0.3,1,0,70.607,-0.035533333333333306
2026-07-02T01:40:57.359,2793612,511,0.4155333333333333,0.6102666666666666,0.3302,83.15,5000,182.93,1,179.26,0.715,181.82,0.791,142,0.987,0.07,2113,1,83.15,3,3 keran stabil,stable,0.3,1,0,71.108,-0.030200000000000005
2026-07-02T01:40:57.857,2794147,524,0.4161999999999999,0.6099333333333333,0.3289333333333333,83.15,5000,182.93,1,179.26,0.715,181.82,0.791,142,0.987,0.07,2113,1,83.15,3,3 keran stabil,stable,0.3,1,0,71.606,-0.02893333333333331
2026-07-02T01:40:58.356,2794617,505,0.4149333333333333,0.6094666666666666,0.328,83.15,5000,182.93,1,179.23,0.714,181.79,0.79,142,0.988,0.07,2113,1,83.15,3,3 keran stabil,stable,0.3,1,0,72.105,-0.028000000000000025
2026-07-02T01:40:58.855,2795152,519,0.415,0.6091333333333334,0.3269333333333333,82.38,5000,181.24,1,179.23,0.714,181.79,0.79,142,0.988,0.07,2113,1,82.38,3,3 keran stabil,stable,0.3,1,0,72.604,-0.02693333333333331
2026-07-02T01:40:59.357,2795621,509,0.4161333333333333,0.6089333333333333,0.3263999999999999,82.38,5000,181.24,1,179.24,0.715,181.8,0.791,142,0.987,0.07,2113,1,82.38,3,3 keran stabil,stable,0.3,1,0,73.106,-0.026399999999999924
2026-07-02T01:40:59.857,2796156,508,0.4140666666666666,0.6081333333333333,0.3242666666666666,82.38,5000,181.24,1,179.24,0.715,181.8,0.791,142,0.987,0.07,2113,1,82.38,3,3 keran stabil,stable,0.3,1,0,73.606,-0.024266666666666603
2026-07-02T01:41:00.358,2796626,509,0.4145333333333333,0.6076666666666667,0.323,82.38,5000,181.24,1,177.55,0.713,180.2,0.789,141,0.991,0.07,2113,1,82.38,3,3 keran stabil,stable,0.3,1,0,74.107,-0.02300000000000002
2026-07-02T01:41:00.859,2797161,513,0.4135999999999999,0.6078666666666667,0.3240666666666666,82.38,5000,181.24,1,177.55,0.713,180.2,0.789,141,0.991,0.07,2113,1,82.38,3,3 keran stabil,stable,0.3,1,0,74.608,-0.024066666666666625
2026-07-02T01:41:01.356,2797631,508,0.4146666666666666,0.6077999999999999,0.3237333333333333,82.38,5000,181.24,1,177.5,0.714,180.15,0.79,141,0.99,0.07,2113,1,82.38,3,3 keran stabil,stable,0.3,1,0,75.105,-0.02373333333333333
2026-07-02T01:41:01.859,2798166,514,0.4137333333333333,0.6070666666666666,0.3213333333333333,81.54,5000,179.38,1,177.5,0.714,180.15,0.79,141,0.99,0.07,2113,1,81.54,3,3 keran stabil,stable,0.3,1,0,75.608,-0.021333333333333315
2026-07-02T01:41:02.356,2798635,504,0.4132666666666666,0.6058666666666667,0.3174,81.54,5000,179.38,1,177.51,0.714,180.16,0.79,141,0.99,0.07,2113,1,81.54,3,3 keran stabil,stable,0.3,1,0,76.105,-0.017400000000000027
2026-07-02T01:41:02.856,2799170,511,0.4110666666666666,0.6044666666666667,0.3132666666666666,81.54,5000,179.38,1,177.51,0.714,180.16,0.79,141,0.99,0.07,2113,1,81.54,3,3 keran stabil,stable,0.3,1,0,76.605,-0.013266666666666593
2026-07-02T01:41:03.358,2799640,510,0.4113333333333333,0.6038666666666667,0.3114666666666666,81.54,5000,179.38,1,175.67,0.714,178.41,0.79,140,0.993,0.07,2113,1,81.54,3,3 keran stabil,stable,0.3,1,0,77.107,-0.011466666666666625
2026-07-02T01:41:03.856,2800175,505,0.4111333333333333,0.6026666666666666,0.3078666666666667,81.54,5000,179.38,1,175.67,0.714,178.41,0.79,140,0.993,0.07,2113,1,81.54,3,3 keran stabil,stable,0.3,1,0,77.605,-0.007866666666666688
2026-07-02T01:41:04.354,2800650,519,0.4127333333333333,0.6028666666666667,0.3085333333333333,81.54,5000,179.38,1,175.62,0.713,178.37,0.789,139,0.987,0.07,2113,1,81.54,3,3 keran stabil,stable,0.3,1,0,78.103,-0.008533333333333337
2026-07-02T01:41:04.916,2801185,509,0.4124,0.6029333333333333,0.3089333333333333,81.17,5000,178.57,1,175.62,0.713,178.37,0.789,139,0.987,0.07,2113,1,81.17,3,3 keran stabil,stable,0.3,1,0,78.665,-0.008933333333333293
2026-07-02T01:41:05.475,2801766,503,0.4101999999999999,0.6025333333333334,0.3079333333333333,81.17,5000,178.57,1,175.1,0.713,177.87,0.789,139,0.99,0.07,2113,1,81.17,3,3 keran stabil,stable,0.3,1,0,79.224,-0.007933333333333292
2026-07-02T01:41:06.040,2802343,506,0.41,0.6012666666666667,0.3045333333333333,81.17,5000,178.57,1,174.79,0.72,177.58,0.796,140,0.99,0.07,2113,1,81.17,3,3 keran stabil,stable,0.3,1,0,79.789,-0.004533333333333334
2026-07-02T01:41:06.602,2802878,509,0.4102666666666666,0.6004,0.3021999999999999,81.17,5000,178.57,1,174.79,0.72,177.58,0.796,140,0.99,0.07,2113,1,81.17,3,3 keran stabil,stable,0.3,1,0,80.351,-0.0021999999999999242
2026-07-02T01:41:07.163,2803455,511,0.4109333333333333,0.5994666666666666,0.2991999999999999,81.17,5000,178.57,1,174.8,0.717,177.59,0.793,139,0.987,0.07,2113,1,81.17,3,3 keran stabil,stable,0.3,1,0,80.912,0.0008000000000000784
2026-07-02T01:41:07.659,2803990,507,0.4112666666666666,0.5999333333333332,0.3,81.11,5000,178.43,1,174.8,0.717,177.59,0.793,139,0.987,0.07,2113,1,81.11,3,3 keran stabil,stable,0.3,1,0,81.408,0.0
2026-07-02T01:41:08.160,2804459,517,0.4115999999999999,0.6003333333333333,0.301,81.11,5000,178.43,1,174.76,0.716,177.55,0.792,139,0.988,0.07,2113,1,81.11,3,3 keran stabil,stable,0.3,1,0,81.909,-0.0010000000000000009
2026-07-02T01:41:08.665,2804994,503,0.4108666666666666,0.6013999999999999,0.3042666666666667,81.11,5000,178.43,1,174.76,0.716,177.55,0.792,139,0.988,0.07,2113,1,81.11,3,3 keran stabil,stable,0.3,1,0,82.414,-0.004266666666666696
2026-07-02T01:41:09.164,2805464,514,0.4112,0.6014666666666667,0.3046,81.11,5000,178.43,1,174.67,0.715,177.46,0.791,139,0.99,0.07,2113,1,81.11,3,3 keran stabil,stable,0.3,1,0,82.913,-0.004599999999999993
2026-07-02T01:41:09.663,2805999,507,0.4096,0.6007333333333332,0.3021999999999999,81.11,5000,178.43,1,174.67,0.715,177.46,0.791,139,0.99,0.07,2113,1,81.11,3,3 keran stabil,stable,0.3,1,0,83.412,-0.0021999999999999242
2026-07-02T01:41:10.163,2806468,509,0.4103333333333332,0.6005333333333333,0.3017333333333333,81.11,5000,178.43,1,174.7,0.715,177.49,0.791,139,0.99,0.07,2113,1,81.11,3,3 keran stabil,stable,0.3,1,0,83.912,-0.001733333333333309
2026-07-02T01:41:10.663,2807003,506,0.4106666666666667,0.6007333333333332,0.3023333333333333,81.05,5000,178.3,1,174.7,0.715,177.49,0.791,139,0.99,0.07,2113,1,81.05,3,3 keran stabil,stable,0.3,1,0,84.412,-0.0023333333333332984
2026-07-02T01:41:11.162,2807473,511,0.4113333333333333,0.6010666666666666,0.3034,81.05,5000,178.3,1,174.61,0.714,177.41,0.79,139,0.991,0.07,2113,1,81.05,3,3 keran stabil,stable,0.3,1,0,84.911,-0.003400000000000014
2026-07-02T01:41:11.662,2808008,507,0.41,0.6008666666666667,0.3028,81.05,5000,178.3,1,174.61,0.714,177.41,0.79,139,0.991,0.07,2113,1,81.05,3,3 keran stabil,stable,0.3,1,0,85.411,-0.0028000000000000247
2026-07-02T01:41:12.160,2808478,525,0.4112,0.6006666666666667,0.302,81.05,5000,178.3,1,174.58,0.713,177.38,0.789,139,0.993,0.07,2113,1,81.05,3,3 keran stabil,stable,0.3,1,0,85.909,-0.0020000000000000018
2026-07-02T01:41:12.726,2809013,502,0.4104666666666666,0.6010000000000001,0.3025333333333334,81.05,5000,178.3,1,174.58,0.713,177.38,0.789,139,0.993,0.07,2113,1,81.05,3,3 keran stabil,stable,0.3,1,0,86.475,-0.0025333333333333874
2026-07-02T01:41:13.285,2809589,504,0.411,0.6013999999999999,0.3039333333333333,81.05,5000,178.3,1,174.58,0.713,177.38,0.789,139,0.993,0.07,2113,1,81.05,3,3 keran stabil,stable,0.3,1,0,87.034,-0.003933333333333289
2026-07-02T01:41:13.786,2810124,502,0.4087333333333333,0.6010666666666666,0.3029333333333333,80.43,5000,176.95,1,174.58,0.713,177.38,0.789,139,0.993,0.07,2113,1,80.43,3,3 keran stabil,stable,0.3,1,0,87.535,-0.002933333333333288
2026-07-02T01:41:14.290,2810594,509,0.4085999999999999,0.6004,0.3014666666666666,80.43,5000,176.95,1,174.32,0.712,177.13,0.788,138,0.988,0.07,2113,1,80.43,3,3 keran stabil,stable,0.3,1,0,88.039,-0.0014666666666666162
2026-07-02T01:41:14.787,2811129,509,0.4076666666666667,0.5993333333333334,0.298,80.43,5000,176.95,1,174.32,0.712,177.13,0.788,138,0.988,0.07,2113,1,80.43,3,3 keran stabil,stable,0.3,1,0,88.536,0.0020000000000000018
2026-07-02T01:41:15.287,2811599,526,0.4084666666666666,0.5985999999999999,0.2956,80.43,5000,176.95,1,173.22,0.712,176.09,0.788,137,0.987,0.07,2113,1,80.43,3,3 keran stabil,stable,0.3,1,0,89.036,0.004400000000000015
2026-07-02T01:41:15.784,2812134,508,0.4088,0.5985999999999999,0.2953333333333333,80.43,5000,176.95,1,173.22,0.712,176.09,0.788,137,0.987,0.07,2113,1,80.43,3,3 keran stabil,stable,0.3,1,0,89.533,0.004666666666666708
2026-07-02T01:41:16.285,2812603,506,0.4092666666666666,0.5988666666666667,0.2962666666666667,80.43,5000,176.95,1,173.16,0.711,176.03,0.787,137,0.988,0.07,2113,1,80.43,3,3 keran stabil,stable,0.3,1,0,90.034,0.0037333333333333107
2026-07-02T01:41:16.823,2813138,504,0.4098666666666666,0.5993333333333334,0.2979333333333333,80.5,5000,177.11,1,173.16,0.711,176.03,0.787,137,0.988,0.07,2113,1,80.5,3,3 keran stabil,stable,0.3,1,0,90.572,0.0020666666666667166
2026-07-02T01:41:17.354,2813715,509,0.4081333333333333,0.5987333333333333,0.2961333333333333,80.5,5000,177.11,1,173.23,0.711,176.1,0.787,137,0.988,0.07,2113,1,80.5,3,3 keran stabil,stable,0.3,1,0,91.103,0.003866666666666685
2026-07-02T01:41:17.888,2814250,505,0.4083333333333333,0.5989333333333333,0.2966,80.5,5000,177.11,1,173.23,0.711,176.1,0.787,137,0.988,0.07,2113,1,80.5,3,3 keran stabil,stable,0.3,1,0,91.637,0.003400000000000014
2026-07-02T01:41:18.403,2814719,508,0.4070666666666666,0.5986666666666667,0.2958666666666666,80.5,5000,177.11,1,173.4,0.711,176.26,0.787,137,0.987,0.07,2113,1,80.5,3,3 keran stabil,stable,0.3,1,0,92.152,0.004133333333333378
2026-07-02T01:41:18.926,2815254,510,0.4078666666666667,0.5990666666666666,0.2966666666666667,80.5,5000,177.11,1,173.4,0.711,176.26,0.787,137,0.987,0.07,2113,1,80.5,3,3 keran stabil,stable,0.3,1,0,92.675,0.0033333333333332993
2026-07-02T01:41:19.487,2815831,497,0.4073333333333334,0.5996666666666666,0.2986666666666666,80.5,5000,177.11,1,173.42,0.71,176.28,0.786,137,0.988,0.07,2113,1,80.5,3,3 keran stabil,stable,0.3,1,0,93.236,0.0013333333333334085
2026-07-02T01:41:20.051,2816407,503,0.4075333333333333,0.5995333333333334,0.2981999999999999,80.49,5000,177.07,1,173.44,0.711,176.3,0.787,137,0.987,0.07,2113,1,80.49,3,3 keran stabil,stable,0.3,1,0,93.8,0.0018000000000000793
2026-07-02T01:41:20.611,2816942,507,0.4074,0.5993333333333334,0.2977333333333333,80.49,5000,177.07,1,173.44,0.711,176.3,0.787,137,0.987,0.07,2113,1,80.49,3,3 keran stabil,stable,0.3,1,0,94.36,0.0022666666666666946
2026-07-02T01:41:21.170,2817519,500,0.4066,0.5989333333333333,0.2966666666666667,80.49,5000,177.07,1,173.37,0.71,176.23,0.786,137,0.989,0.07,2113,1,80.49,3,3 keran stabil,stable,0.3,1,0,94.919,0.0033333333333332993
2026-07-02T01:41:21.733,2818054,511,0.4076,0.6000666666666666,0.3000666666666666,80.49,5000,177.07,1,173.37,0.71,176.23,0.786,137,0.989,0.07,2113,1,80.49,3,3 keran stabil,stable,0.3,1,0,95.482,-6.666666666660381e-05
2026-07-02T01:41:22.296,2818631,509,0.4079333333333333,0.6004,0.301,80.49,5000,177.07,1,173.38,0.71,176.24,0.786,137,0.988,0.07,2113,1,80.49,3,3 keran stabil,stable,0.3,1,0,96.045,-0.0010000000000000009
2026-07-02T01:41:22.793,2819166,502,0.4090666666666667,0.6002666666666666,0.3006666666666666,80.51,5000,177.13,1,173.38,0.71,176.24,0.786,137,0.988,0.07,2113,1,80.51,3,3 keran stabil,stable,0.3,1,0,96.542,-0.0006666666666665932
2026-07-02T01:41:23.292,2819635,510,0.4095333333333333,0.5993333333333334,0.2977333333333333,80.51,5000,177.13,1,173.39,0.71,176.25,0.786,137,0.988,0.07,2113,1,80.51,3,3 keran stabil,stable,0.3,1,0,97.041,0.0022666666666666946
2026-07-02T01:41:23.791,2820170,521,0.4121333333333333,0.6018666666666667,0.3054666666666666,80.51,5000,177.13,1,173.39,0.71,176.25,0.786,137,0.988,0.07,2113,1,80.51,3,3 keran stabil,stable,0.3,1,0,97.54,-0.00546666666666662
2026-07-02T01:41:24.290,2820640,529,0.4156666666666666,0.6078666666666667,0.3232666666666667,80.51,5000,177.13,1,173.44,0.71,176.3,0.786,137,0.988,0.07,2113,1,80.51,3,3 keran stabil,stable,0.3,1,0,98.039,-0.023266666666666713
2026-07-02T01:41:24.914,2821282,524,0.4203333333333333,0.6152666666666666,0.3457333333333333,80.51,5000,177.13,1,173.44,0.71,176.3,0.786,137,0.988,0.07,2113,1,80.51,3,3 keran stabil,stable,0.3,1,0,98.663,-0.04573333333333329
2026-07-02T01:41:25.468,2821858,524,0.4223333333333333,0.6182,0.3543333333333333,80.51,5000,177.13,1,173.24,0.753,176.11,0.828,144,0.987,0.07,2113,1,80.51,3,3 keran stabil,stable,0.3,1,0,99.217,-0.05433333333333329
2026-07-02T01:41:26.058,2822435,508,0.4198666666666666,0.6151333333333333,0.3451333333333333,78.79,5000,173.34,1,172.29,0.75,175.2,0.825,143,0.989,0.07,2113,1,78.79,3,3 keran stabil,stable,0.3,1,0,99.807,-0.0451333333333333
2026-07-02T01:41:26.589,2822970,512,0.4161333333333333,0.6108666666666667,0.3322,78.79,5000,173.34,1,172.29,0.75,175.2,0.825,143,0.989,0.07,2113,1,78.79,3,3 keran stabil,stable,0.3,1,0,100.338,-0.032200000000000006
2026-07-02T01:41:27.175,2823546,506,0.4130666666666666,0.6069333333333333,0.3208666666666666,78.79,5000,173.34,1,169.42,0.752,172.48,0.827,141,0.988,0.07,2113,1,78.79,3,3 keran stabil,stable,0.3,1,0,100.924,-0.02086666666666659
2026-07-02T01:41:27.678,2824081,528,0.4137333333333333,0.6052666666666667,0.3158,78.79,5000,173.34,1,169.42,0.752,172.48,0.827,141,0.988,0.07,2113,1,78.79,2,2 keran stabil,stable,0.3,1,0,101.427,-0.015800000000000036
2026-07-02T01:41:28.265,2824658,514,0.4155333333333333,0.606,0.318,78.79,5000,173.34,1,169.46,0.752,172.52,0.827,141,0.988,0.07,2113,1,78.79,2,2 keran stabil,stable,0.3,1,0,102.014,-0.018000000000000016
2026-07-02T01:41:28.809,2825193,513,0.4142,0.6059333333333333,0.3174,78.49,5000,172.67,1,169.46,0.752,172.52,0.827,141,0.988,0.07,2113,1,78.49,2,2 keran stabil,stable,0.3,1,0,102.558,-0.017400000000000027
2026-07-02T01:41:29.366,2825770,521,0.4127333333333333,0.6047999999999999,0.3144666666666666,78.49,5000,172.67,1,169.41,0.751,172.47,0.826,141,0.989,0.07,2113,1,78.49,2,2 keran stabil,stable,0.3,1,0,103.115,-0.014466666666666628
2026-07-02T01:41:29.912,2826305,511,0.4118666666666666,0.6045333333333333,0.3133333333333333,78.49,5000,172.67,1,169.41,0.751,172.47,0.826,141,0.989,0.07,2113,1,78.49,2,2 keran stabil,stable,0.3,1,0,103.661,-0.013333333333333308
2026-07-02T01:41:30.419,2826774,504,0.4127333333333333,0.6038666666666667,0.3115333333333333,78.49,5000,172.67,1,168.85,0.751,171.94,0.826,140,0.985,0.07,2113,1,78.49,2,2 keran stabil,stable,0.3,1,0,104.168,-0.011533333333333284
2026-07-02T01:41:30.919,2827309,511,0.4131333333333333,0.6034666666666666,0.3102666666666666,78.49,5000,172.67,1,168.85,0.751,171.94,0.826,140,0.985,0.07,2113,1,78.49,2,2 keran stabil,stable,0.3,1,0,104.668,-0.01026666666666659
2026-07-02T01:41:31.418,2827779,504,0.4120666666666667,0.6020666666666666,0.3060666666666666,78.49,5000,172.67,1,168.83,0.752,171.92,0.827,141,0.991,0.07,2113,1,78.49,2,2 keran stabil,stable,0.3,1,0,105.167,-0.006066666666666609
2026-07-02T01:41:31.920,2828314,509,0.4112,0.6013999999999999,0.3045333333333333,77.93,5000,171.44,1,168.83,0.752,171.92,0.827,141,0.991,0.07,2113,1,77.93,2,2 keran stabil,stable,0.3,1,0,105.669,-0.004533333333333334
2026-07-02T01:41:32.419,2828784,495,0.4103333333333332,0.6008,0.3024666666666666,77.93,5000,171.44,1,168.77,0.752,171.86,0.827,140,0.985,0.07,2113,1,77.93,2,2 keran stabil,stable,0.3,1,0,106.168,-0.002466666666666617
2026-07-02T01:41:32.918,2829319,511,0.4093333333333333,0.6006,0.3016666666666666,77.93,5000,171.44,1,168.77,0.752,171.86,0.827,140,0.985,0.07,2113,1,77.93,2,2 keran stabil,stable,0.3,1,0,106.667,-0.0016666666666665941
2026-07-02T01:41:33.421,2829788,493,0.4090666666666667,0.5999333333333332,0.2993333333333333,77.93,5000,171.44,1,167.58,0.751,170.73,0.826,139,0.985,0.07,2113,1,77.93,2,2 keran stabil,stable,0.3,1,0,107.17,0.0006666666666667043
2026-07-02T01:41:33.922,2830323,504,0.4101999999999999,0.6004666666666666,0.3011333333333333,77.93,5000,171.44,1,167.58,0.751,170.73,0.826,139,0.985,0.07,2113,1,77.93,2,2 keran stabil,stable,0.3,1,0,107.671,-0.0011333333333333195
2026-07-02T01:41:34.423,2830793,503,0.412,0.6001333333333333,0.3006,77.93,5000,171.44,1,167.56,0.751,170.71,0.826,139,0.985,0.07,2113,1,77.93,2,2 keran stabil,stable,0.3,1,0,108.172,-0.0005999999999999894
2026-07-02T01:41:34.921,2831328,509,0.4108,0.5996,0.2990666666666666,78.1,5000,171.82,1,167.56,0.751,170.71,0.826,139,0.985,0.07,2113,1,78.1,2,2 keran stabil,stable,0.3,1,0,108.67,0.0009333333333333971
2026-07-02T01:41:35.420,2831798,511,0.4112,0.6,0.2999333333333333,78.1,5000,171.82,1,167.57,0.751,170.72,0.826,139,0.985,0.07,2113,1,78.1,2,2 keran stabil,stable,0.3,1,0,109.169,6.666666666671484e-05
2026-07-02T01:41:36.090,2832486,509,0.4090666666666667,0.5996666666666666,0.2987333333333333,78.1,5000,171.82,1,167.94,0.752,171.07,0.827,140,0.989,0.07,2113,1,78.1,2,2 keran stabil,stable,0.3,1,0,109.839,0.0012666666666666937
2026-07-02T01:41:36.711,2833128,514,0.4095333333333333,0.5997333333333333,0.2992666666666667,78.1,5000,171.82,1,167.94,0.752,171.07,0.827,140,0.989,0.07,2113,1,78.1,2,2 keran stabil,stable,0.3,1,0,110.46,0.0007333333333333081
2026-07-02T01:41:37.323,2833710,512,0.4088,0.5982,0.2943333333333333,78.1,5000,171.82,1,167.96,0.75,171.09,0.825,140,0.991,0.07,2113,1,78.1,2,2 keran stabil,stable,0.3,1,0,111.072,0.005666666666666709
2026-07-02T01:41:37.852,2834245,502,0.4088666666666666,0.5985333333333334,0.2949333333333333,77.99,5000,171.57,1,167.96,0.75,171.09,0.825,140,0.991,0.07,2113,1,77.99,2,2 keran stabil,stable,0.3,1,0,111.601,0.005066666666666664
2026-07-02T01:41:38.416,2834822,503,0.4085333333333333,0.5985333333333334,0.2948,77.99,5000,171.57,1,167.87,0.751,171.01,0.826,140,0.991,0.07,2113,1,77.99,2,2 keran stabil,stable,0.3,1,0,112.165,0.005199999999999982
2026-07-02T01:41:38.970,2835357,514,0.408,0.5990666666666666,0.2964666666666666,77.99,5000,171.57,1,167.87,0.751,171.01,0.826,140,0.991,0.07,2113,1,77.99,2,2 keran stabil,stable,0.3,1,0,112.719,0.0035333333333333883
2026-07-02T01:41:39.532,2835933,503,0.4076,0.5987333333333333,0.2957333333333333,77.99,5000,171.57,1,167.71,0.751,170.86,0.826,139,0.984,0.07,2113,1,77.99,2,2 keran stabil,stable,0.3,1,0,113.281,0.004266666666666696
2026-07-02T01:41:40.095,2836510,505,0.4082666666666666,0.5984666666666667,0.2949333333333333,77.99,5000,171.57,1,167.68,0.751,170.83,0.826,139,0.985,0.07,2113,1,77.99,2,2 keran stabil,stable,0.3,1,0,113.844,0.005066666666666664
2026-07-02T01:41:40.657,2837045,511,0.4087333333333333,0.598,0.2935333333333333,77.96,5000,171.51,1,167.68,0.751,170.83,0.826,139,0.985,0.07,2113,1,77.96,2,2 keran stabil,stable,0.3,1,0,114.406,0.006466666666666676
2026-07-02T01:41:41.221,2837622,502,0.4088,0.5977333333333333,0.2926666666666666,77.96,5000,171.51,1,167.63,0.751,170.78,0.826,139,0.985,0.07,2113,1,77.96,2,2 keran stabil,stable,0.3,1,0,114.97,0.007333333333333414
2026-07-02T01:41:41.721,2838157,503,0.4086666666666667,0.5977999999999999,0.2931999999999999,77.96,5000,171.51,1,167.63,0.751,170.78,0.826,139,0.985,0.07,2113,1,77.96,2,2 keran stabil,stable,0.3,1,0,115.47,0.006800000000000084
2026-07-02T01:41:42.224,2838626,509,0.4094666666666666,0.598,0.2939333333333333,77.96,5000,171.51,1,167.61,0.75,170.76,0.825,139,0.986,0.07,2113,1,77.96,2,2 keran stabil,stable,0.3,1,0,115.973,0.006066666666666665
2026-07-02T01:41:42.723,2839161,503,0.4086666666666667,0.5982666666666667,0.2949333333333333,77.96,5000,171.51,1,167.61,0.75,170.76,0.825,139,0.986,0.07,2113,1,77.96,2,2 keran stabil,stable,0.3,1,0,116.472,0.005066666666666664
2026-07-02T01:41:43.219,2839631,518,0.4088666666666666,0.5987333333333333,0.2964,77.96,5000,171.51,1,167.6,0.75,170.75,0.825,139,0.986,0.07,2113,1,77.96,2,2 keran stabil,stable,0.3,1,0,116.968,0.003599999999999992
2026-07-02T01:41:43.715,2840166,505,0.4074666666666667,0.5984666666666667,0.2953333333333333,77.85,5000,171.26,1,167.6,0.75,170.75,0.825,139,0.986,0.07,2113,1,77.85,2,2 keran stabil,stable,0.3,1,0,117.464,0.004666666666666708
2026-07-02T01:41:44.213,2840636,525,0.4141333333333333,0.6061333333333334,0.3183999999999999,77.85,5000,171.26,1,167.47,0.749,170.63,0.824,139,0.988,0.07,2113,1,77.85,2,2 keran stabil,stable,0.3,1,0,117.962,-0.018399999999999916
2026-07-02T01:41:44.838,2841278,524,0.4156666666666666,0.6090666666666666,0.3270666666666666,77.85,5000,171.26,1,167.47,0.749,170.63,0.824,139,0.988,0.07,2113,1,77.85,2,2 keran stabil,stable,0.3,1,0,118.587,-0.027066666666666628
2026-07-02T01:41:45.399,2841854,509,0.419,0.6122,0.3364,77.85,5000,171.26,1,167.16,0.832,170.33,0.906,153,0.991,0.07,2113,1,77.85,2,2 keran stabil,stable,0.3,1,0,119.148,-0.03639999999999999
2026-07-02T01:41:45.962,2842389,502,0.4141333333333333,0.6058666666666667,0.3176666666666666,77.85,5000,171.26,1,167.16,0.832,170.33,0.906,153,0.991,0.07,2113,1,77.85,2,2 keran stabil,stable,0.3,1,0,119.711,-0.01766666666666661
2026-07-02T01:41:46.529,2842966,509,0.4137333333333333,0.6056666666666666,0.3172,77.52,5000,170.54,1,167.17,0.831,170.34,0.905,152,0.986,0.07,2113,1,77.52,1,1 keran stabil,stable,0.3,1,0,120.278,-0.017199999999999993
2026-07-02T01:41:47.097,2843542,514,0.4123333333333333,0.6040666666666666,0.3125333333333333,77.52,5000,170.54,1,166.68,0.829,169.88,0.903,152,0.99,0.07,2113,1,77.52,1,1 keran stabil,stable,0.3,1,0,120.846,-0.012533333333333285
2026-07-02T01:41:47.658,2844077,506,0.4118666666666666,0.6022666666666666,0.307,77.52,5000,170.54,1,166.68,0.829,169.88,0.903,152,0.99,0.07,2113,1,77.52,1,1 keran stabil,stable,0.3,1,0,121.407,-0.007000000000000006
2026-07-02T01:41:48.220,2844654,521,0.4112,0.6011333333333333,0.3036666666666666,77.52,5000,170.54,1,166.4,0.828,169.61,0.902,151,0.987,0.07,2113,1,77.52,1,1 keran stabil,stable,0.3,1,0,121.969,-0.003666666666666596
2026-07-02T01:41:48.718,2845189,514,0.4109333333333333,0.6013333333333333,0.3040666666666666,77.52,5000,170.54,1,166.4,0.828,169.61,0.902,151,0.987,0.07,2113,1,77.52,1,1 keran stabil,stable,0.3,1,0,122.467,-0.004066666666666607
2026-07-02T01:41:49.219,2845659,513,0.4108666666666666,0.6018,0.3053333333333333,77.52,5000,170.54,1,166.39,0.828,169.6,0.902,151,0.987,0.07,2113,1,77.52,1,1 keran stabil,stable,0.3,1,0,122.968,-0.005333333333333301
2026-07-02T01:41:49.718,2846194,512,0.4120666666666667,0.6022,0.3065333333333333,77.66,5000,170.85,1,166.39,0.828,169.6,0.902,151,0.987,0.07,2113,1,77.66,1,1 keran stabil,stable,0.3,1,0,123.467,-0.0065333333333333354
2026-07-02T01:41:50.217,2846663,521,0.4096666666666666,0.6016666666666667,0.3047333333333333,77.66,5000,170.85,1,166.51,0.828,169.72,0.902,151,0.986,0.07,2113,1,77.66,1,1 keran stabil,stable,0.3,1,0,123.966,-0.004733333333333312
2026-07-02T01:41:50.718,2847198,512,0.4097999999999999,0.6016666666666667,0.3046,77.66,5000,170.85,1,166.51,0.828,169.72,0.902,151,0.986,0.07,2113,1,77.66,1,1 keran stabil,stable,0.3,1,0,124.467,-0.004599999999999993
2026-07-02T01:41:51.223,2847668,511,0.4096,0.6018666666666667,0.3050666666666666,77.66,5000,170.85,1,166.72,0.828,169.92,0.902,152,0.991,0.07,2113,1,77.66,1,1 keran stabil,stable,0.3,1,0,124.972,-0.005066666666666608
2026-07-02T01:41:51.724,2848203,518,0.4135999999999999,0.6029333333333333,0.3086,77.66,5000,170.85,1,166.72,0.828,169.92,0.902,152,0.991,0.07,2113,1,77.66,1,1 keran stabil,stable,0.3,1,0,125.473,-0.008599999999999997
2026-07-02T01:41:52.222,2848672,511,0.4124666666666666,0.6024666666666666,0.3071333333333333,77.66,5000,170.85,1,166.65,0.827,169.85,0.901,151,0.986,0.07,2113,1,77.66,1,1 keran stabil,stable,0.3,1,0,125.971,-0.007133333333333325
2026-07-02T01:41:52.722,2849207,512,0.4118,0.6026,0.3076666666666667,77.39,5000,170.26,1,166.65,0.827,169.85,0.901,151,0.986,0.07,2113,1,77.39,1,1 keran stabil,stable,0.3,1,0,126.471,-0.0076666666666667105
2026-07-02T01:41:53.218,2849677,514,0.4106666666666667,0.6013999999999999,0.3036666666666666,77.39,5000,170.26,1,166.54,0.826,169.75,0.9,151,0.988,0.07,2113,1,77.39,1,1 keran stabil,stable,0.3,1,0,126.967,-0.003666666666666596
2026-07-02T01:41:53.777,2850212,518,0.4105999999999999,0.6008,0.3014666666666666,77.39,5000,170.26,1,166.54,0.826,169.75,0.9,151,0.988,0.07,2113,1,77.39,1,1 keran stabil,stable,0.3,1,0,127.526,-0.0014666666666666162
2026-07-02T01:41:54.339,2850789,504,0.4103333333333333,0.5998666666666667,0.2984666666666666,77.39,5000,170.26,1,166.1,0.825,169.33,0.899,150,0.985,0.07,2113,1,77.39,1,1 keran stabil,stable,0.3,1,0,128.088,0.0015333333333333865
2026-07-02T01:41:54.838,2851324,511,0.4092,0.6001333333333333,0.2992666666666667,77.39,5000,170.26,1,166.1,0.825,169.33,0.899,150,0.985,0.07,2113,1,77.39,1,1 keran stabil,stable,0.3,1,0,128.587,0.0007333333333333081
2026-07-02T01:41:55.337,2851793,504,0.4077333333333333,0.6003333333333333,0.3000666666666666,77.39,5000,170.26,1,166.06,0.824,169.29,0.898,150,0.986,0.07,2113,1,77.39,1,1 keran stabil,stable,0.3,1,0,129.086,-6.666666666660381e-05
2026-07-02T01:41:55.961,2852435,498,0.4066666666666666,0.6002666666666666,0.3002666666666666,77.06,5000,169.54,1,166.06,0.824,169.29,0.898,150,0.986,0.07,2113,1,77.06,1,1 keran stabil,stable,0.3,1,0,129.71,-0.0002666666666666373
2026-07-02T01:41:56.458,2852905,512,0.4066,0.5994666666666666,0.2981999999999999,77.06,5000,169.54,1,166.03,0.823,169.26,0.897,150,0.987,0.07,2113,1,77.06,1,1 keran stabil,stable,0.3,1,0,130.207,0.0018000000000000793
2026-07-02T01:41:56.957,2853440,504,0.4078,0.5983333333333333,0.2948666666666666,77.06,5000,169.54,1,166.03,0.823,169.26,0.897,150,0.987,0.07,2113,1,77.06,1,1 keran stabil,stable,0.3,1,0,130.706,0.005133333333333379
2026-07-02T01:41:57.456,2853910,509,0.4056666666666667,0.5968666666666667,0.2908,77.06,5000,169.54,1,165.39,0.821,168.65,0.895,149,0.987,0.07,2113,1,77.06,1,1 keran stabil,stable,0.3,1,0,131.205,0.009199999999999986
2026-07-02T01:41:57.953,2854445,508,0.4078,0.5979333333333333,0.2935333333333333,77.06,5000,169.54,1,165.39,0.821,168.65,0.895,149,0.987,0.07,2113,1,77.06,1,1 keran stabil,stable,0.3,1,0,131.702,0.006466666666666676
2026-07-02T01:41:58.454,2854914,507,0.4058666666666666,0.5985333333333334,0.2956,77.06,5000,169.54,1,165.4,0.82,168.66,0.894,149,0.988,0.07,2113,1,77.06,1,1 keran stabil,stable,0.3,1,0,132.203,0.004400000000000015
2026-07-02T01:41:58.956,2855449,499,0.4076666666666667,0.5986666666666667,0.2964,76.73,5000,168.8,1,165.4,0.82,168.66,0.894,149,0.988,0.07,2113,1,76.73,1,1 keran stabil,stable,0.3,1,0,132.705,0.003599999999999992
2026-07-02T01:41:59.454,2855919,498,0.4058666666666666,0.5974,0.2928666666666666,76.73,5000,168.8,1,165.33,0.82,168.6,0.894,149,0.988,0.07,2113,1,76.73,1,1 keran stabil,stable,0.3,1,0,133.203,0.00713333333333338
2026-07-02T01:41:59.952,2856454,506,0.4059333333333333,0.596,0.2885999999999999,76.73,5000,168.8,1,165.33,0.82,168.6,0.894,149,0.988,0.07,2113,1,76.73,1,1 keran stabil,stable,0.3,1,0,133.701,0.011400000000000077
2026-07-02T01:42:00.451,2856923,503,0.4042,0.5942000000000001,0.2829333333333333,76.73,5000,168.8,1,164.62,0.817,167.92,0.891,148,0.989,0.07,2113,1,76.73,1,1 keran stabil,stable,0.3,1,0,134.2,0.017066666666666674
2026-07-02T01:42:00.953,2857458,509,0.4052,0.5939333333333333,0.2816,76.73,5000,168.8,1,164.62,0.817,167.92,0.891,148,0.989,0.07,2113,1,76.73,1,1 keran stabil,stable,0.3,1,0,134.702,0.018399999999999972
2026-07-02T01:42:01.458,2857928,501,0.405,0.5944,0.2829333333333333,76.73,5000,168.8,1,164.6,0.817,167.9,0.891,148,0.989,0.07,2113,1,76.73,1,1 keran stabil,stable,0.3,1,0,135.207,0.017066666666666674
2026-07-02T01:42:01.955,2858463,511,0.4057333333333333,0.5956666666666666,0.2865999999999999,77.18,5000,169.8,1,164.6,0.817,167.9,0.891,148,0.989,0.07,2113,1,77.18,1,1 keran stabil,stable,0.3,1,0,135.704,0.013400000000000079
2026-07-02T01:42:02.457,2858933,503,0.4056666666666667,0.5966666666666666,0.2892,77.18,5000,169.8,1,165.14,0.819,168.42,0.893,149,0.99,0.07,2113,1,77.18,1,1 keran stabil,stable,0.3,1,0,136.206,0.010799999999999976
2026-07-02T01:42:02.959,2859468,518,0.4074666666666667,0.5982,0.2937333333333333,77.18,5000,169.8,1,165.14,0.819,168.42,0.893,149,0.99,0.07,2113,1,77.18,1,1 keran stabil,stable,0.3,1,0,136.708,0.006266666666666698
2026-07-02T01:42:03.458,2859937,501,0.4086666666666667,0.5987333333333333,0.2954,77.18,5000,169.8,1,165.63,0.819,168.88,0.893,149,0.987,0.07,2113,1,77.18,1,1 keran stabil,stable,0.3,1,0,137.207,0.004599999999999993
2026-07-02T01:42:03.957,2860472,511,0.4103333333333333,0.6012666666666667,0.3033333333333333,77.18,5000,169.8,1,165.63,0.819,168.88,0.893,149,0.987,0.07,2113,1,77.18,1,1 keran stabil,stable,0.3,1,0,137.706,-0.0033333333333332993
2026-07-02T01:42:04.456,2860942,509,0.4124,0.6041333333333333,0.3121333333333333,77.18,5000,169.8,1,165.62,0.818,168.87,0.892,149,0.989,0.07,2113,1,77.18,1,1 keran stabil,stable,0.3,1,0,138.205,-0.01213333333333333
2026-07-02T01:42:04.958,2861477,520,0.4142,0.6071333333333333,0.3213999999999999,76.43,5000,168.14,1,165.62,0.818,168.87,0.892,149,0.989,0.07,2113,1,76.43,1,1 keran stabil,stable,0.3,1,0,138.707,-0.02139999999999992
2026-07-02T01:42:05.455,2861947,511,0.4173333333333333,0.6099333333333333,0.3298666666666667,76.43,5000,168.14,1,165.03,0.842,168.31,0.916,152,0.985,0.07,2113,1,76.43,1,1 keran stabil,stable,0.3,1,0,139.204,-0.029866666666666708
2026-07-02T01:42:05.953,2862482,520,0.4161333333333333,0.6091333333333334,0.3269333333333333,76.43,5000,168.14,1,165.03,0.842,168.31,0.916,152,0.985,0.07,2113,1,76.43,1,1 keran stabil,stable,0.3,1,0,139.702,-0.02693333333333331
2026-07-02T01:42:06.453,2862951,500,0.4172,0.6097333333333332,0.3285333333333333,76.43,5000,168.14,1,163.87,0.837,167.21,0.911,151,0.991,0.07,2113,1,76.43,1,1 keran stabil,stable,0.3,1,0,140.202,-0.0285333333333333
2026-07-02T01:42:06.950,2863486,511,0.4160666666666666,0.6089333333333333,0.3264666666666667,76.43,5000,168.14,1,163.87,0.837,167.21,0.911,151,0.991,0.07,2113,1,76.43,1,1 keran stabil,stable,0.3,1,0,140.699,-0.026466666666666694
2026-07-02T01:42:07.451,2863956,513,0.4176666666666666,0.6088666666666666,0.3266666666666667,76.43,5000,168.14,1,163.8,0.837,167.14,0.911,150,0.985,0.07,2113,1,76.43,1,1 keran stabil,stable,0.3,1,0,141.2,-0.026666666666666727
2026-07-02T01:42:07.991,2864491,508,0.4153333333333333,0.6085333333333334,0.3260666666666666,75.79,5000,166.75,1,163.8,0.837,167.14,0.911,150,0.985,0.07,2113,1,75.79,1,1 keran stabil,stable,0.3,1,0,141.74,-0.026066666666666627
2026-07-02T01:42:08.550,2865067,521,0.4139333333333333,0.6079333333333333,0.3246,75.79,5000,166.75,1,163.62,0.835,166.97,0.909,150,0.988,0.07,2113,1,75.79,1,1 keran stabil,stable,0.3,1,0,142.299,-0.02460000000000001
2026-07-02T01:42:09.111,2865644,521,0.4128666666666666,0.6077999999999999,0.3242666666666666,75.79,5000,166.75,1,162.51,0.83,165.92,0.904,148,0.986,0.07,2113,1,75.79,1,1 keran stabil,stable,0.3,1,0,142.86,-0.024266666666666603
2026-07-02T01:42:09.657,2866179,511,0.4126,0.607,0.3218,75.79,5000,166.75,1,162.51,0.83,165.92,0.904,148,0.986,0.07,2113,1,75.79,0,0 keran stabil,stable,0.3,1,0,143.406,-0.021799999999999986
2026-07-02T01:42:10.229,2866756,531,0.4162666666666667,0.6081333333333333,0.3252,75.79,5000,166.75,1,162.49,0.83,165.9,0.904,148,0.986,0.07,2113,1,75.79,0,0 keran stabil,stable,0.3,1,0,143.978,-0.0252
2026-07-02T01:42:10.775,2867291,511,0.4168666666666666,0.6088,0.3266666666666667,75.06,5000,165.13,1,162.49,0.83,165.9,0.904,148,0.986,0.07,2113,1,75.06,0,0 keran stabil,stable,0.3,1,0,144.524,-0.026666666666666727
2026-07-02T01:42:11.338,2867867,508,0.4179333333333333,0.6096,0.3287333333333333,75.06,5000,165.13,1,161.41,0.824,164.88,0.898,146,0.986,0.07,2113,1,75.06,0,0 keran stabil,stable,0.3,1,0,145.087,-0.028733333333333333
2026-07-02T01:42:11.901,2868402,539,0.4170666666666667,0.6094666666666666,0.3282666666666667,75.06,5000,165.13,1,161.41,0.824,164.88,0.898,146,0.986,0.07,2113,1,75.06,0,0 keran stabil,stable,0.3,1,0,145.65,-0.028266666666666718
2026-07-02T01:42:12.459,2868979,506,0.4144,0.6089333333333333,0.3268,75.06,5000,165.13,1,160.85,0.822,164.34,0.896,145,0.984,0.07,2113,1,75.06,0,0 keran stabil,stable,0.3,1,0,146.208,-0.02679999999999999
2026-07-02T01:42:12.958,2869514,506,0.4134666666666666,0.6083999999999999,0.3252,75.06,5000,165.13,1,160.85,0.822,164.34,0.896,145,0.984,0.07,2113,1,75.06,0,0 keran stabil,stable,0.3,1,0,146.707,-0.0252
2026-07-02T01:42:13.457,2869984,518,0.4137333333333333,0.6079333333333333,0.3241333333333333,75.06,5000,165.13,1,160.89,0.821,164.38,0.895,145,0.985,0.07,2113,1,75.06,0,0 keran stabil,stable,0.3,1,0,147.206,-0.024133333333333284
2026-07-02T01:42:13.954,2870519,526,0.4146666666666666,0.6075333333333333,0.3230666666666666,74.49,5000,163.89,1,160.89,0.821,164.38,0.895,145,0.985,0.07,2113,1,74.49,0,0 keran stabil,stable,0.3,1,0,147.703,-0.023066666666666624
2026-07-02T01:42:14.455,2870988,524,0.4162666666666667,0.6076666666666667,0.3236666666666667,74.49,5000,163.89,1,160.28,0.818,163.8,0.892,144,0.985,0.07,2113,1,74.49,0,0 keran stabil,stable,0.3,1,0,148.204,-0.023666666666666725
2026-07-02T01:42:14.956,2871523,506,0.4156666666666666,0.6078666666666667,0.3242,74.49,5000,163.89,1,160.28,0.818,163.8,0.892,144,0.985,0.07,2113,1,74.49,0,0 keran stabil,stable,0.3,1,0,148.705,-0.0242
2026-07-02T01:42:15.456,2871993,519,0.4158,0.608,0.3246666666666666,74.49,5000,163.89,1,159.69,0.815,163.24,0.889,143,0.985,0.07,2113,1,74.49,0,0 keran stabil,stable,0.3,1,0,149.205,-0.024666666666666615
2026-07-02T01:42:15.958,2872528,506,0.4154,0.6080666666666666,0.3251333333333333,74.49,5000,163.89,1,159.69,0.815,163.24,0.889,143,0.985,0.07,2113,1,74.49,0,0 keran stabil,stable,0.3,1,0,149.707,-0.025133333333333285
2026-07-02T01:42:16.460,2872998,521,0.4143333333333333,0.6079333333333333,0.3244666666666667,74.49,5000,163.89,1,159.71,0.815,163.26,0.889,143,0.985,0.07,2113,1,74.49,0,0 keran stabil,stable,0.3,1,0,150.209,-0.024466666666666692
2026-07-02T01:42:16.961,2873533,510,0.4124666666666666,0.6073333333333333,0.3224666666666666,74.01,5000,162.83,1,159.71,0.815,163.26,0.889,143,0.985,0.07,2113,1,74.01,0,0 keran stabil,stable,0.3,1,0,150.71,-0.022466666666666635
2026-07-02T01:42:17.460,2874002,507,0.4110666666666666,0.6062,0.3192,74.01,5000,162.83,1,159.37,0.813,162.94,0.887,142,0.982,0.07,2113,1,74.01,0,0 keran stabil,stable,0.3,1,0,151.209,-0.019199999999999995
2026-07-02T01:42:17.965,2874537,510,0.4112,0.6062,0.3193333333333333,74.01,5000,162.83,1,159.37,0.813,162.94,0.887,142,0.982,0.07,2113,1,74.01,0,0 keran stabil,stable,0.3,1,0,151.714,-0.019333333333333313
2026-07-02T01:42:18.464,2875007,512,0.4122,0.6067333333333332,0.3207333333333333,74.01,5000,162.83,1,158.64,0.809,162.25,0.883,141,0.984,0.07,2113,1,74.01,0,0 keran stabil,stable,0.3,1,0,152.213,-0.020733333333333326
2026-07-02T01:42:18.963,2875542,509,0.4127333333333333,0.6083333333333333,0.3253333333333333,74.01,5000,162.83,1,158.64,0.809,162.25,0.883,141,0.984,0.07,2113,1,74.01,0,0 keran stabil,stable,0.3,1,0,152.712,-0.02533333333333332
2026-07-02T01:42:19.465,2876012,519,0.413,0.6092,0.3276666666666666,74.01,5000,162.83,1,158.62,0.809,162.23,0.883,141,0.984,0.07,2113,1,74.01,0,0 keran stabil,stable,0.3,1,0,153.214,-0.027666666666666617
2026-07-02T01:42:19.964,2876547,522,0.4152666666666667,0.6098,0.3292666666666666,73.42,5000,161.51,1,158.62,0.809,162.23,0.883,141,0.984,0.07,2113,1,73.42,0,0 keran stabil,stable,0.3,1,0,153.713,-0.029266666666666608
2026-07-02T01:42:20.468,2877016,523,0.4150666666666666,0.6092666666666666,0.3278666666666667,73.42,5000,161.51,1,157.59,0.803,161.25,0.877,139,0.982,0.07,2113,1,73.42,0,0 keran stabil,stable,0.3,1,0,154.217,-0.027866666666666706
2026-07-02T01:42:20.966,2877551,511,0.4150666666666666,0.6090666666666666,0.3277333333333334,73.42,5000,161.51,1,157.59,0.803,161.25,0.877,139,0.982,0.07,2113,1,73.42,0,0 keran stabil,stable,0.3,1,0,154.715,-0.027733333333333388
2026-07-02T01:42:21.467,2878021,521,0.4126666666666666,0.6084666666666666,0.326,73.42,5000,161.51,1,157.4,0.803,161.07,0.877,139,0.984,0.07,2113,1,73.42,0,0 keran stabil,stable,0.3,1,0,155.216,-0.026000000000000023
2026-07-02T01:42:21.965,2878556,513,0.413,0.6083333333333333,0.3255333333333333,73.42,5000,161.51,1,157.4,0.803,161.07,0.877,139,0.984,0.07,2113,1,73.42,0,0 keran stabil,stable,0.3,1,0,155.714,-0.025533333333333297
2026-07-02T01:42:22.461,2879026,512,0.412,0.608,0.3241333333333333,73.42,5000,161.51,1,157.39,0.802,161.06,0.876,139,0.985,0.07,2113,1,73.42,0,0 keran stabil,stable,0.3,1,0,156.21,-0.024133333333333284
2026-07-02T01:42:23.024,2879561,514,0.4142666666666666,0.6075999999999999,0.3231333333333334,73.15,5000,160.92,1,157.39,0.802,161.06,0.876,139,0.985,0.07,2113,1,73.15,0,0 keran stabil,stable,0.3,1,0,156.773,-0.023133333333333395
2026-07-02T01:42:23.588,2880137,508,0.4129333333333333,0.6070666666666666,0.3219333333333333,73.15,5000,160.92,1,157.01,0.8,160.7,0.874,138,0.982,0.07,2113,1,73.15,0,0 keran stabil,stable,0.3,1,0,157.337,-0.021933333333333305
2026-07-02T01:42:24.151,2880714,509,0.4135333333333333,0.6074666666666667,0.3230666666666666,73.15,5000,160.92,1,156.83,0.799,160.53,0.873,138,0.984,0.07,2113,1,73.15,0,0 keran stabil,stable,0.3,1,0,157.9,-0.023066666666666624
2026-07-02T01:42:24.651,2881249,508,0.4127999999999999,0.6071333333333333,0.3222,73.15,5000,160.92,1,156.83,0.799,160.53,0.873,138,0.984,0.07,2113,1,73.15,0,0 keran stabil,stable,0.3,1,0,158.4,-0.022199999999999998
2026-07-02T01:42:25.273,2881825,504,0.4131333333333333,0.6074666666666667,0.3228666666666667,73.15,5000,160.92,1,156.82,0.799,160.52,0.873,138,0.984,0.07,2113,1,73.15,0,0 keran stabil,stable,0.3,1,0,159.022,-0.022866666666666702
2026-07-02T01:42:25.770,2882360,512,0.4138,0.6072666666666666,0.3223333333333333,72.89,5000,160.35,1,156.82,0.799,160.52,0.873,138,0.984,0.07,2113,1,72.89,0,0 keran stabil,stable,0.3,1,0,159.519,-0.022333333333333316
2026-07-02T01:42:26.267,2882830,510,0.4132666666666666,0.6076666666666667,0.3234666666666667,72.89,5000,160.35,1,156.53,0.796,160.24,0.871,137,0.981,0.07,2113,1,72.89,0,0 keran stabil,stable,0.3,1,0,160.016,-0.02346666666666669
2026-07-02T01:42:26.766,2883365,518,0.4136666666666667,0.6075999999999999,0.3234666666666667,72.89,5000,160.35,1,156.53,0.796,160.24,0.871,137,0.981,0.07,2113,1,72.89,0,0 keran stabil,stable,0.3,1,0,160.515,-0.02346666666666669
2026-07-02T01:42:27.265,2883835,520,0.4144666666666666,0.6077333333333333,0.3237333333333333,72.89,5000,160.35,1,156.24,0.794,159.97,0.869,137,0.985,0.07,2113,1,72.89,0,0 keran stabil,stable,0.3,1,0,161.014,-0.02373333333333333
2026-07-02T01:42:27.763,2884370,509,0.4138666666666666,0.6066666666666667,0.3206,72.89,5000,160.35,1,156.24,0.794,159.97,0.869,137,0.985,0.07,2113,1,72.89,0,0 keran stabil,stable,0.3,1,0,161.512,-0.020600000000000007
2026-07-02T01:42:28.264,2884839,512,0.4144666666666666,0.6066,0.3202,72.89,5000,160.35,1,156.27,0.794,160.0,0.869,137,0.985,0.07,2113,1,72.89,0,0 keran stabil,stable,0.3,1,0,162.013,-0.020199999999999996
2026-07-02T01:42:28.762,2885374,449,0.3989999999999999,0.5825999999999999,0.3113333333333333,72.68,5000,159.91,1,156.27,0.794,160.0,0.869,137,0.985,0.07,2113,1,72.68,0,0 keran stabil,stable,0.3,1,0,162.511,-0.011333333333333306
2026-07-02T01:42:29.263,2885844,320,0.3671333333333333,0.5391999999999999,0.2917333333333333,72.68,5000,159.91,1,156.17,0.793,159.9,0.868,137,0.987,0.07,2113,1,72.68,0,0 keran stabil,stable,0.3,1,0,163.012,0.0082666666666667
2026-07-02T01:42:29.761,2886379,358,0.3510666666666667,0.4919333333333333,0.2694666666666666,72.68,5000,159.91,1,156.17,0.793,159.9,0.868,137,0.987,0.07,2113,1,72.68,0,0 keran stabil,stable,0.3,1,0,163.51,0.030533333333333412
2026-07-02T01:42:30.263,2886848,359,0.3528666666666666,0.4619999999999999,0.2568666666666666,72.68,5000,159.91,1,155.91,0.753,159.65,0.828,130,0.983,0.07,2113,1,72.68,0,0 keran stabil,stable,0.3,1,0,164.012,0.04313333333333341
2026-07-02T01:42:30.762,2887383,273,0.3486,0.4609333333333333,0.2562,72.68,5000,159.91,1,155.91,0.753,159.65,0.828,130,0.983,0.07,2113,1,72.68,0,0 keran stabil,stable,0.3,1,0,164.511,0.043800000000000006
2026-07-02T01:42:31.260,2887853,447,0.3616666666666666,0.4592666666666666,0.2484666666666666,72.68,5000,159.91,1,155.87,0.757,159.62,0.832,131,0.986,0.07,2113,1,72.68,0,0 keran stabil,stable,0.3,1,0,165.009,0.051533333333333375
2026-07-02T01:42:31.761,2888388,475,0.3446,0.4703333333333334,0.2262666666666666,76.02,5000,167.25,1,155.87,0.757,159.62,0.832,131,0.986,0.07,2113,1,76.02,0,0 keran stabil,stable,0.3,1,0,165.51,0.0737333333333334
2026-07-02T01:42:32.260,2888858,483,0.3653333333333333,0.4968666666666667,0.2058666666666666,76.02,5000,167.25,1,157.15,0.696,160.83,0.772,122,0.982,0.07,2113,1,76.02,0,0 keran stabil,stable,0.3,1,0,166.009,0.0941333333333334
2026-07-02T01:42:32.821,2889393,476,0.3717333333333333,0.5381333333333332,0.1999333333333333,76.02,5000,167.25,1,157.15,0.696,160.83,0.772,122,0.982,0.07,2113,1,76.02,0,0 keran stabil,stable,0.3,1,0,166.57,0.10006666666666669
2026-07-02T01:42:33.363,2889970,483,0.3891333333333333,0.567,0.2023333333333333,76.02,5000,167.25,1,163.45,0.695,166.81,0.771,127,0.987,0.07,2113,1,76.02,0,0 keran stabil,stable,0.3,1,0,167.112,0.09766666666666668
2026-07-02T01:42:33.870,2890505,485,0.3885333333333333,0.5686666666666667,0.2065333333333333,76.02,5000,167.25,1,163.45,0.695,166.81,0.771,127,0.987,0.07,2113,1,76.02,0,0 keran stabil,stable,0.3,1,0,167.619,0.0934666666666667
2026-07-02T01:42:34.384,2890974,483,0.3888666666666667,0.5687333333333332,0.2067999999999999,76.02,5000,167.25,1,163.43,0.694,166.79,0.77,127,0.988,0.07,2113,1,76.02,0,0 keran stabil,stable,0.3,1,0,168.133,0.09320000000000009
2026-07-02T01:42:34.994,2891616,495,0.3904666666666667,0.5709333333333333,0.2132666666666666,78.62,5000,172.96,1,163.43,0.694,166.79,0.77,127,0.988,0.07,2113,1,78.62,0,0 keran stabil,stable,0.3,1,0,168.743,0.08673333333333338
2026-07-02T01:42:35.494,2892086,487,0.393,0.5744,0.2235333333333333,78.62,5000,172.96,1,163.72,0.693,167.07,0.769,127,0.988,0.07,2113,1,78.62,0,0 keran stabil,stable,0.3,1,0,169.243,0.07646666666666668
2026-07-02T01:42:36.024,2892621,495,0.3954,0.5784666666666667,0.236,78.62,5000,172.96,1,163.72,0.693,167.07,0.769,127,0.988,0.07,2113,1,78.62,0,0 keran stabil,stable,0.3,1,0,169.773,0.064
2026-07-02T01:42:36.582,2893198,493,0.3984666666666667,0.5806666666666666,0.2424,78.62,5000,172.96,1,169.14,0.694,172.21,0.77,131,0.987,0.07,2113,1,78.62,0,0 keran stabil,stable,0.3,1,0,170.331,0.057599999999999985
2026-07-02T01:42:37.160,2893774,502,0.3981333333333333,0.5803333333333334,0.2416,78.62,5000,172.96,1,169.06,0.696,172.14,0.772,131,0.985,0.07,2113,1,78.62,0,0 keran stabil,stable,0.3,1,0,170.909,0.05839999999999998
2026-07-02T01:42:37.677,2894310,496,0.3976,0.5800666666666666,0.2404666666666666,80.44,5000,176.98,1,169.06,0.696,172.14,0.772,131,0.985,0.07,2113,1,80.44,0,0 keran stabil,stable,0.3,1,0,171.426,0.05953333333333338
2026-07-02T01:42:38.282,2894886,500,0.3991333333333333,0.5825333333333333,0.2483333333333333,80.44,5000,176.98,1,169.09,0.695,172.17,0.771,131,0.986,0.07,2113,1,80.44,0,0 keran stabil,stable,0.3,1,0,172.031,0.051666666666666694
2026-07-02T01:42:38.807,2895421,497,0.4008,0.5853999999999999,0.2564666666666667,80.44,5000,176.98,1,169.09,0.695,172.17,0.771,131,0.986,0.07,2113,1,80.44,0,0 keran stabil,stable,0.3,1,0,172.556,0.04353333333333331
2026-07-02T01:42:39.400,2895998,493,0.4029999999999999,0.5878,0.2635333333333333,80.44,5000,176.98,1,173.11,0.697,175.98,0.773,134,0.985,0.07,2113,1,80.44,0,0 keran stabil,stable,0.3,1,0,173.149,0.0364666666666667
2026-07-02T01:42:39.994,2896640,491,0.4036666666666667,0.5882000000000001,0.2642,80.44,5000,176.98,1,173.11,0.697,175.98,0.773,134,0.985,0.07,2113,1,80.44,0,0 keran stabil,stable,0.3,1,0,173.743,0.0358
